name,body_id,discovery_dt,decimal_year,helio_dist,perihdist,source_tier
C/1702 H1,174283,1702-04-23T00:00:00,1702.3068493150686,1.0369461389823575,0.64683,first_obs_used
C/1706 F1,174284,1706-03-20T00:00:00,1706.213698630137,1.178627449867859,0.42686,first_obs_used
C/1707 W1,174285,1707-11-29T00:00:00,1707.9095890410958,0.8945507845210731,0.85904,first_obs_used
C/1718 B1,174286,1718-01-18T00:00:00,1718.0465753424658,1.0263746682632153,1.02543,first_obs_used
C/1723 T1,174287,1723-10-20T00:00:00,1723.8,1.0666132123584147,0.99879,first_obs_used
C/1729 P1,174288,1729-09-03T00:00:00,1729.6712328767123,4.105350675122963,4.05054,first_obs_used
C/1737 C1,174289,1737-02-26T00:00:00,1737.1534246575343,0.8047482697257128,0.22282,first_obs_used
C/1739 K1,174290,1739-05-28T00:00:00,1739.4027397260274,0.8001057089134278,0.67358,first_obs_used
C/1742 C1,174291,1742-03-05T00:00:00,1742.172602739726,0.8988764722122788,0.76577,first_obs_used
C/1743 C1,174292,1743-02-10T00:00:00,1743.109589041096,1.0014531587588429,0.83818,first_obs_used
C/1743 Q1,174293,1743-08-18T00:00:00,1743.627397260274,0.9234523610172819,0.52299,first_obs_used
C/1743 X1,174294,1743-12-21T00:00:00,1743.9698630136986,1.7072135698540336,0.222209,first_obs_used
C/1746 P1,174295,1746-08-13T00:00:00,1746.613698630137,3.1590987802314934,2.19859,first_obs_used
C/1748 H1,174296,1748-05-10T00:00:00,1748.3551912568305,0.8641255305052994,0.84067,first_obs_used
C/1757 R1,174297,1757-09-13T00:00:00,1757.6986301369864,1.0290523599937074,0.33738,first_obs_used
C/1758 K1,174298,1758-08-15T00:00:00,1758.6191780821919,1.5795179374930501,0.21535,first_obs_used
C/1760 B1,174299,1760-01-26T00:00:00,1760.068306010929,1.3440991943695755,0.80139,first_obs_used
C/1760 A1,174300,1760-01-08T00:00:00,1760.01912568306,1.0366545751571863,0.96576,first_obs_used
C/1762 K1,174301,1762-05-31T00:00:00,1762.4109589041095,1.0097200824089527,1.00905,first_obs_used
C/1763 S1,174302,1763-10-03T00:00:00,1763.7534246575342,0.8562186366433164,0.49818,first_obs_used
C/1764 A1,174303,1764-01-03T00:00:00,1764.0054644808743,1.0407172021315754,0.55522,first_obs_used
C/1769 P1,174304,1769-08-22T00:00:00,1769.6383561643836,1.3224742206250109,0.122755,first_obs_used
C/1771 A1,174305,1771-01-10T00:00:00,1771.0246575342467,1.159730469604977,0.52824,first_obs_used
C/1771 G1,174306,1771-04-01T00:00:00,1771.2465753424658,0.9624012323753864,0.901835,first_obs_used
C/1773 T1,174307,1773-10-17T00:00:00,1773.7917808219179,1.3027567175955088,1.12689,first_obs_used
C/1774 P1,174308,1774-08-18T00:00:00,1774.627397260274,1.4288810225101114,1.42858,first_obs_used
C/1779 A1,174309,1779-01-19T00:00:00,1779.0493150684931,0.7704916864186803,0.713178,first_obs_used
C/1780 U2,174310,1780-10-27T00:00:00,1780.8196721311476,0.8706573077032481,0.09926,first_obs_used
C/1780 U1,174311,1780-10-18T00:00:00,1780.795081967213,1.0613174441328046,0.51528,first_obs_used
C/1781 M1,174312,1781-06-28T00:00:00,1781.4876712328767,0.7985341135720376,0.77586,first_obs_used
C/1781 T1,174313,1781-10-09T00:00:00,1781.7698630136986,1.306867437040931,0.961,first_obs_used
C/1783 X1,174314,1784-01-24T00:00:00,1784.0628415300546,0.7094059431371155,0.70786,first_obs_used
C/1785 A1,174315,1785-01-07T00:00:00,1785.0164383561644,1.1911686369172116,1.1434,first_obs_used
C/1785 E1,174316,1785-03-11T00:00:00,1785.1890410958904,0.8220955006990098,0.42724,first_obs_used
C/1786 P1,174317,1786-08-05T00:00:00,1786.5917808219178,0.7977764609785161,0.410712,first_obs_used
C/1787 G1,174318,1787-04-10T00:00:00,1787.2712328767122,0.8765888905277945,0.34891,first_obs_used
C/1788 W1,174319,1788-11-27T00:00:00,1788.9043715846994,1.0966036949885387,1.06301,first_obs_used
C/1790 A1,174320,1790-01-09T00:00:00,1790.021917808219,0.7696119375724662,0.7581,first_obs_used
C/1790 H1,174321,1790-05-02T00:00:00,1790.331506849315,0.8825770911058891,0.79796,first_obs_used
C/1791 X1,174322,1791-12-17T00:00:00,1791.958904109589,1.3598799077867083,1.29258,first_obs_used
C/1793 A1,174323,1793-01-10T00:00:00,1793.0246575342467,0.993339542614279,0.96581,first_obs_used
C/1793 S2,174324,1793-09-28T00:00:00,1793.7397260273972,1.0020428203286635,0.40344,first_obs_used
C/1793 S1,174325,1793-09-27T00:00:00,1793.7369863013698,1.6811240808582526,1.504546,first_obs_used
C/1796 F1,174326,1796-03-31T00:00:00,1796.2459016393443,1.5802741608892066,1.579636,first_obs_used
C/1797 P1,174327,1797-08-15T00:00:00,1797.6191780821919,0.9609669244770581,0.52545,first_obs_used
C/1798 G1,174328,1798-04-12T00:00:00,1798.2767123287672,0.5144694307601321,0.48503,first_obs_used
C/1799 P1,174329,1799-08-07T00:00:00,1799.5972602739726,1.0231478951140054,0.83986,first_obs_used
C/1799 Y1,174330,1799-12-26T00:00:00,1799.9835616438356,0.6258628751716925,0.6258,first_obs_used
C/1801 N1,174331,1801-07-12T00:00:00,1801.5260273972603,0.8342633852953244,0.25641,first_obs_used
C/1802 Q1,174332,1802-08-28T00:00:00,1802.654794520548,1.1160164207535985,1.094249,first_obs_used
C/1804 E1,174333,1804-03-13T00:00:00,1804.1967213114754,1.1659342146373433,1.071168,first_obs_used
C/1806 V1,174334,1806-11-13T00:00:00,1806.8657534246574,1.3186460063107732,1.081927,first_obs_used
C/1807 R1,174335,1807-09-22T00:00:00,1807.7232876712328,0.6487795686418805,0.646124,first_obs_used
C/1808 F1,174336,1808-03-26T00:00:00,1808.2322404371585,1.1932271634636964,0.38986,first_obs_used
C/1808 M1,174337,1808-06-26T00:00:00,1808.483606557377,0.7080018803782415,0.607953,first_obs_used
C/1810 Q1,174338,1810-08-30T00:00:00,1810.6602739726027,1.1663761477128733,0.969623,first_obs_used
C/1811 F1,174339,1811-03-31T00:00:00,1811.2438356164384,2.659994467897081,1.035412,first_obs_used
C/1811 W1,174340,1811-11-18T00:00:00,1811.8794520547945,1.5841107428011956,1.581701,first_obs_used
C/1813 C1,174341,1813-02-05T00:00:00,1813.0958904109589,0.8976771074120042,0.699314,first_obs_used
C/1813 G1,174342,1813-04-04T00:00:00,1813.2547945205479,1.406961786092385,1.214703,first_obs_used
C/1816 B1,174343,1816-01-22T00:00:00,1816.0573770491803,1.2369666619325772,0.0485,first_obs_used
C/1817 Y1,174344,1818-03-04T00:00:00,1818.1698630136987,1.2009495450856993,1.197821,first_obs_used
C/1818 W2,174345,1818-11-30T00:00:00,1818.9123287671232,0.8610610447343765,0.855096,first_obs_used
C/1819 N1,174346,1819-07-02T00:00:00,1819.4986301369863,0.3589695142186848,0.341514,first_obs_used
C/1821 B1,174347,1821-01-21T00:00:00,1821.054794520548,1.6005489137547046,0.091823,first_obs_used
C/1822 J1,174348,1822-05-17T00:00:00,1822.372602739726,0.5681454404714048,0.504429,first_obs_used
C/1822 K1,174349,1822-06-09T00:00:00,1822.4356164383562,1.0871043320919693,0.84713,first_obs_used
C/1822 N1,174350,1822-07-18T00:00:00,1822.5424657534247,1.8812705400410383,1.145099,first_obs_used
C/1823 Y1,174351,1823-12-31T00:00:00,1823.9972602739726,0.6834751709007723,0.226742,first_obs_used
C/1824 N1,174352,1824-07-15T00:00:00,1824.535519125683,0.5953882302750021,0.591671,first_obs_used
C/1824 O1,174353,1824-07-26T00:00:00,1824.5655737704917,1.4933603624407357,1.049835,first_obs_used
C/1825 K1,174354,1825-05-19T00:00:00,1825.3780821917808,0.9155046210685913,0.889011,first_obs_used
C/1825 P1,174355,1825-08-11T00:00:00,1825.6082191780822,0.8961635682151045,0.883471,first_obs_used
C/1825 N1,174356,1825-07-21T00:00:00,1825.5506849315068,2.3869122221108943,1.240846,first_obs_used
C/1825 V1,174357,1825-11-16T00:00:00,1825.8739726027397,2.732888319574362,2.007734,first_obs_used
C/1826 P1,174358,1826-08-09T00:00:00,1826.6027397260275,1.3800656336695067,0.852878,first_obs_used
C/1826 U1,174359,1826-10-23T00:00:00,1826.8082191780823,0.9620304971387518,0.026904,first_obs_used
C/1826 Y1,174360,1826-12-28T00:00:00,1826.9890410958903,1.0115092760395865,0.506166,first_obs_used
C/1827 P1,174361,1827-08-17T00:00:00,1827.6246575342466,0.8535638658907103,0.137758,first_obs_used
C/1830 F1,174362,1830-03-23T00:00:00,1830.2219178082191,0.9745588792693093,0.921424,first_obs_used
C/1831 A1,174363,1831-01-21T00:00:00,1831.054794520548,0.8041188950459405,0.125887,first_obs_used
C/1832 O1,174364,1832-07-19T00:00:00,1832.5464480874316,1.5892399992133885,1.183005,first_obs_used
C/1833 S1,174365,1833-10-01T00:00:00,1833.7479452054795,0.6748113726228,0.458122,first_obs_used
C/1834 E1,174366,1834-03-10T00:00:00,1834.186301369863,0.7596496741844153,0.513106,first_obs_used
C/1835 H1,174367,1835-04-20T00:00:00,1835.2986301369863,2.059301045134134,2.040153,first_obs_used
C/1839 X1,174368,1839-12-03T00:00:00,1839.9205479452055,0.9276629203849788,0.618434,first_obs_used
C/1840 B1,174369,1840-01-25T00:00:00,1840.0655737704917,1.4292760350836156,1.220451,first_obs_used
C/1840 E1,174370,1840-03-07T00:00:00,1840.1803278688524,0.9148163771132529,0.748504,first_obs_used
C/1840 U1,174371,1840-10-27T00:00:00,1840.8196721311476,1.5010735093063,1.479951,first_obs_used
C/1842 U1,174372,1842-10-29T00:00:00,1842.8246575342466,1.1657435781332097,0.504685,first_obs_used
C/1843 D1,174373,1843-03-05T00:00:00,1843.172602739726,0.31947349245216705,0.005527,first_obs_used
C/1843 J1,174374,1843-05-04T00:00:00,1843.33698630137,1.616680653881128,1.616305,first_obs_used
C/1844 N1,174375,1844-07-08T00:00:00,1844.516393442623,1.9093485933655918,0.855401,first_obs_used
C/1844 Y1,174376,1844-12-27T00:00:00,1844.9863387978141,0.4778826661282556,0.250537,first_obs_used
C/1844 Y2,174377,1845-01-09T00:00:00,1845.021917808219,0.9052241472975727,0.905204,first_obs_used
C/1845 D1,174378,1845-02-25T00:00:00,1845.150684931507,1.5090369862671456,1.254549,first_obs_used
C/1845 L1,174379,1845-06-03T00:00:00,1845.4191780821918,0.4103125491239091,0.401077,first_obs_used
C/1846 B1,174380,1846-01-30T00:00:00,1846.0794520547945,1.4843605656855163,1.480703,first_obs_used
C/1846 O1,174381,1846-07-30T00:00:00,1846.5753424657535,1.6456793697146874,1.375992,first_obs_used
C/1846 J1,174382,1846-05-02T00:00:00,1846.331506849315,0.9589166725510605,0.63376,first_obs_used
C/1846 S1,174383,1846-09-23T00:00:00,1846.7260273972602,1.0774656830490619,0.830669,first_obs_used
C/1847 C1,174384,1847-02-06T00:00:00,1847.0986301369862,1.506449919216646,0.042593,first_obs_used
C/1847 J1,174385,1847-05-13T00:00:00,1847.3616438356164,2.1335324632032817,2.115749,first_obs_used
C/1847 N1,174386,1847-07-08T00:00:00,1847.5150684931507,1.8162518334181144,1.766058,first_obs_used
C/1847 Q1,174387,1847-09-08T00:00:00,1847.6849315068494,1.5404277454019468,1.484824,first_obs_used
C/1847 T1,174388,1847-10-07T00:00:00,1847.7643835616439,1.0335155624734838,0.329025,first_obs_used
C/1848 P1,174389,1848-08-08T00:00:00,1848.6010928961748,0.8880483921338579,0.319947,first_obs_used
C/1848 U1,174390,1848-10-26T00:00:00,1848.8169398907103,1.7065337549711077,0.959782,first_obs_used
C/1849 G2,174391,1849-04-15T00:00:00,1849.2849315068493,1.3354542811866597,1.159406,first_obs_used
C/1849 G1,174392,1849-04-12T00:00:00,1849.2767123287672,1.345235278292413,0.89436,first_obs_used
C/1850 J1,174393,1850-05-02T00:00:00,1850.331506849315,1.6969172742094683,1.081429,first_obs_used
C/1850 Q1,174394,1850-08-30T00:00:00,1850.6602739726027,1.199383936846211,0.565586,first_obs_used
C/1851 P1,174395,1851-08-01T00:00:00,1851.5808219178082,1.0797549756156772,0.984753,first_obs_used
C/1851 U1,174396,1851-10-23T00:00:00,1851.8082191780823,0.739764613530556,0.142053,first_obs_used
C/1852 K1,174397,1852-05-18T00:00:00,1852.377049180328,1.033551468719652,0.905406,first_obs_used
C/1853 E1,174398,1853-03-06T00:00:00,1853.1753424657534,1.1032482464542608,1.092195,first_obs_used
C/1853 G1,174399,1853-04-15T00:00:00,1853.2849315068493,1.0141143541800401,0.908693,first_obs_used
C/1853 L1,174400,1853-06-11T00:00:00,1853.441095890411,1.8399777496933682,0.306834,first_obs_used
C/1853 R1,174401,1853-09-12T00:00:00,1853.695890410959,1.0357030483101821,0.172863,first_obs_used
C/1853 W1,174402,1853-12-03T00:00:00,1853.9205479452055,2.0814685896147096,2.044645,first_obs_used
C/1854 F1,174403,1854-03-29T00:00:00,1854.2383561643835,0.31258684038267887,0.277064,first_obs_used
C/1854 L1,174404,1854-06-06T00:00:00,1854.427397260274,0.7359908428985368,0.648092,first_obs_used
C/1854 R1,174405,1854-09-12T00:00:00,1854.695890410959,1.1654468245791414,0.798762,first_obs_used
C/1854 Y1,174406,1855-01-16T00:00:00,1855.041095890411,1.4315505559438382,1.359463,first_obs_used
C/1855 G1,174407,1855-04-14T00:00:00,1855.282191780822,2.3232841305511367,2.193526,first_obs_used
C/1855 L1,174408,1855-06-05T00:00:00,1855.4246575342465,0.5802772680458457,0.567564,first_obs_used
C/1855 V1,174409,1855-11-13T00:00:00,1855.8657534246574,1.247086609690423,1.230983,first_obs_used
C/1857 D1,174410,1857-02-24T00:00:00,1857.1479452054793,0.9194218359811345,0.772493,first_obs_used
C/1857 M1,174411,1857-06-23T00:00:00,1857.4739726027397,0.7564275511895003,0.367535,first_obs_used
C/1857 O1,174412,1857-07-30T00:00:00,1857.5753424657535,0.8955042496303183,0.746843,first_obs_used
C/1857 Q1,174413,1857-08-22T00:00:00,1857.6383561643836,1.0290153295596898,0.562898,first_obs_used
C/1857 V1,174414,1857-11-10T00:00:00,1857.8575342465754,1.0222858939355073,1.009088,first_obs_used
C/1858 K1,174415,1858-05-22T00:00:00,1858.386301369863,0.6417910573419239,0.544261,first_obs_used
C/1858 L1,174416,1858-06-07T00:00:00,1858.4301369863015,2.1717717336846203,0.578469,first_obs_used
C/1858 R1,174417,1858-09-06T00:00:00,1858.6794520547944,1.5237940625230981,1.427002,first_obs_used
C/1859 G1,174418,1859-04-07T00:00:00,1859.2630136986302,1.3744438952536693,0.201032,first_obs_used
C/1860 H1,174419,1860-04-17T00:00:00,1860.292349726776,1.4484358021942023,1.306664,first_obs_used
C/1860 M1,174420,1860-06-22T00:00:00,1860.4726775956285,0.3387890177223146,0.292885,first_obs_used
C/1861 G1,174421,1861-04-11T00:00:00,1861.2739726027398,1.304591972316949,0.9207,first_obs_used
C/1861 J1,174422,1861-05-27T00:00:00,1861.4,0.8753688192480567,0.822384,first_obs_used
C/1861 Y1,174423,1861-12-29T00:00:00,1861.9917808219177,0.9281192026845027,0.839027,first_obs_used
C/1862 N1,174424,1862-07-02T00:00:00,1862.4986301369863,0.9949756030497406,0.981328,first_obs_used
C/1862 W1,174425,1862-11-28T00:00:00,1862.9068493150685,0.9893985675040343,0.803238,first_obs_used
C/1862 X1,174426,1862-12-01T00:00:00,1862.9150684931508,1.4171775829784363,0.794764,first_obs_used
C/1863 G1,174427,1863-04-14T00:00:00,1863.282191780822,1.077554704677841,1.068038,first_obs_used
C/1863 G2,174428,1863-04-15T00:00:00,1863.2849315068493,0.6437366284843259,0.628781,first_obs_used
C/1863 V1,174429,1863-11-10T00:00:00,1863.8575342465754,0.7064131158071456,0.706413,first_obs_used
C/1863 Y1,174430,1864-01-16T17:31:12,1864.0429781420764,0.8589213756383314,0.771492,obs
C/1863 T1,174431,1863-10-20T01:16:26.112000,1863.8001454246576,1.6728460310086324,1.313114,obs
C/1864 R1,174432,1864-09-10T00:00:00,1864.691256830601,1.0892489374908385,0.626106,first_obs_used
C/1864 N1,174433,1864-07-15T00:35:29.760000,1864.53558647541,1.0724665772496262,0.90929,obs
C/1864 O1,174434,1864-07-27T00:00:00,1864.568306010929,1.5911668120407998,0.931212,first_obs_used
C/1864 X1,174435,1865-01-08T16:55:10.272000,1865.0211095342465,0.836687669780971,0.770731,obs
C/1864 Y1,174436,1864-12-31T00:00:00,1864.9972677595629,1.1155465661176776,1.114634,first_obs_used
C/1865 B1,174437,1865-01-20T00:00:00,1865.0520547945205,0.30494063587991105,0.025844,first_obs_used
C/1867 S1,174438,1867-09-27T00:00:00,1867.7369863013698,1.083352708399177,0.330359,first_obs_used
C/1868 L1,174439,1868-06-14T00:00:00,1868.450819672131,0.6475469275913479,0.578577,first_obs_used
C/1869 T1,174440,1869-10-13T00:00:00,1869.7808219178082,1.2314061379555499,1.230731,first_obs_used
C/1870 K1,174441,1870-05-31T00:00:00,1870.4109589041095,1.255919797249496,1.008692,first_obs_used
C/1870 Q1,174442,1870-09-16T20:58:24.960000,1870.709243561644,1.8256699456071324,1.816685859329131,obs
C/1871 G1,174443,1871-04-07T21:16:58.656000,1871.265443260274,1.397765447775263,0.6483953905582305,obs
C/1871 L1,174444,1871-06-16T22:35:45.600000,1871.4573739726027,1.2693579731568638,1.083363,obs
C/1871 V1,174445,1871-11-03T00:00:00,1871.8383561643836,1.1609796986818284,0.691268,first_obs_used
C/1873 Q1,174446,1873-08-21T00:00:00,1873.6356164383562,0.8919207271712625,0.794061,first_obs_used
C/1873 Q2,174447,1873-08-24T00:00:00,1873.6438356164383,1.0235219133004132,0.384913,first_obs_used
C/1874 G1,174448,1874-04-13T00:00:00,1874.2794520547945,1.0335739554644812,0.885773,first_obs_used
C/1874 H1,174449,1874-04-17T00:00:00,1874.2904109589042,1.6808860898004425,0.675782,first_obs_used
C/1874 Q1,174450,1874-08-20T00:00:00,1874.6328767123289,1.7406001963040674,1.687985,first_obs_used
C/1874 O1,174451,1874-07-26T00:00:00,1874.5643835616438,1.1281099098506089,0.982649,first_obs_used
C/1874 X1,174452,1874-12-07T00:00:00,1874.9315068493152,1.166613010017248,0.508226,first_obs_used
C/1877 C1,174453,1877-02-09T00:00:00,1877.1068493150685,0.8947077055816093,0.807441,first_obs_used
C/1877 G1,174454,1877-04-15T22:45:58.176000,1877.2875303835617,0.9510429171225058,0.9502083279986584,obs
C/1877 G2,174455,1877-05-05T03:04:42.528000,1877.3400774520549,1.0190948617447781,1.010286103079961,obs
C/1877 T1,174456,1877-10-04T20:55:10.560000,1877.7585524657534,1.882155673837593,1.072884384919119,obs
C/1877 R1,174457,1877-10-07T01:27:55.584000,1877.7645508493151,1.6135154974699253,1.575904,obs
C/1878 N1,174458,1878-07-08T00:00:00,1878.5150684931507,1.4051813497891303,1.391967,first_obs_used
C/1879 M1,174459,1879-06-28T23:21:28.800000,1879.490337671233,1.399226966938041,0.8963644122870428,obs
C/1879 Q2,174460,1879-09-13T20:11:50.784000,1879.700935780822,1.0248030169473887,0.9914800000000004,obs
C/1879 Q1,174461,1879-09-24T18:54:37.152000,1879.7309258356165,1.0056281818644686,0.9895343081316492,obs
C/1880 G1,174462,1880-04-07T00:00:00,1880.2650273224044,2.114778567661158,1.814414311844558,first_obs_used
C/1880 S1,174463,1880-09-30T00:00:00,1880.7459016393443,0.6972008651767972,0.354634,first_obs_used
C/1880 Y1,174464,1881-01-02T00:00:00,1881.0027397260274,1.2344960818508408,0.659736,first_obs_used
C/1881 J1,174465,1881-05-03T00:00:00,1881.3342465753424,0.7108620413613682,0.59109,first_obs_used
C/1881 K1,174466,1881-06-28T00:04:46.848000,1881.487680328767,0.766992620240423,0.7345497534000603,obs
C/1881 N1,174467,1881-07-14T00:00:00,1881.531506849315,1.0328420864867345,0.633542,first_obs_used
C/1881 S1,174468,1881-09-21T00:00:00,1881.7205479452055,0.4756277659393381,0.4492,first_obs_used
C/1881 W1,174469,1881-11-18T00:00:00,1881.8794520547945,1.9251741445909385,1.924973,first_obs_used
C/1882 F1,174470,1882-04-01T00:00:00,1882.2465753424658,1.8284129081944147,0.06076319271541739,first_obs_used
C/1883 D1,174471,1883-02-25T00:00:00,1883.150684931507,0.7678323499058667,0.7600366016484127,first_obs_used
C/1884 A1,174472,1884-01-19T00:00:00,1884.049180327869,0.7347954510608471,0.309607,first_obs_used
C/1885 N1,174473,1885-07-13T19:42:11.808000,1885.5310163561644,2.519604879545538,2.506483148733141,obs
C/1885 R1,174474,1885-09-03T00:00:00,1885.6712328767123,0.8754309851552957,0.749149,first_obs_used
C/1885 Y1,174475,1885-12-28T00:00:00,1885.9890410958903,1.2001330546562483,1.079406810563923,first_obs_used
C/1885 X1,174476,1885-12-01T21:05:11.904000,1885.9174756438356,2.2884917305518515,0.642382938451641,obs
C/1885 X2,174477,1886-03-04T19:13:55.776000,1886.1720584657535,1.36649157469099,0.4792547375146268,obs
C/1886 J1,174478,1886-05-03T02:18:33.408000,1886.3345101917807,0.8427477915620716,0.8420066307344243,obs
C/1886 H1,174479,1886-04-29T20:05:49.632000,1886.3255818630137,1.058833226085601,0.2695128789642098,obs
C/1887 B3,174480,1887-01-24T00:00:00,1887.0630136986301,1.6754210274715888,1.480714,first_obs_used
C/1886 T1,174481,1886-10-07T00:00:00,1886.7643835616439,1.5027769360058372,0.663317,first_obs_used
C/1887 B1,174482,1887-01-21T00:00:00,1887.054794520548,0.4732937605406734,0.00483,first_obs_used
C/1887 B2,174483,1887-01-24T00:00:00,1887.0630136986301,1.7747378155804598,1.630145,first_obs_used
C/1887 D1,174484,1887-02-17T00:00:00,1887.1287671232876,1.2108399347161556,1.006455,first_obs_used
C/1887 J1,174485,1887-05-13T00:00:00,1887.3616438356164,1.4837285447811186,1.393813,first_obs_used
C/1888 D1,174486,1888-02-19T00:00:00,1888.1338797814208,0.8904757417885445,0.698772,first_obs_used
C/1888 P1,174487,1888-08-09T00:00:00,1888.603825136612,0.9147660553960374,0.902226,first_obs_used
C/1888 U1,174488,1888-10-31T00:00:00,1888.8306010928961,1.6627469523844445,1.527853,first_obs_used
C/1888 R1,174489,1888-09-03T00:00:00,1888.672131147541,2.5961440557327693,1.814916,first_obs_used
C/1889 G1,174490,1889-04-01T00:00:00,1889.2465753424658,2.397568423712521,2.255596,first_obs_used
C/1889 O1,174491,1889-07-22T00:00:00,1889.5534246575342,1.0403886625308796,1.039721,first_obs_used
C/1889 X1,174492,1889-12-13T00:00:00,1889.9479452054795,1.1805912289102787,0.269796,first_obs_used
C/1890 F1,174493,1890-03-22T00:00:00,1890.2191780821918,2.10504447262745,1.907604596070814,first_obs_used
C/1890 O1,174494,1890-07-18T00:00:00,1890.5424657534247,0.7840153028274065,0.764087,first_obs_used
C/1890 O2,174495,1890-07-24T00:00:00,1890.558904109589,1.5752719233314052,1.260223,first_obs_used
C/1891 F1,174496,1891-03-30T00:00:00,1891.2410958904109,0.8251526225737053,0.397896,first_obs_used
C/1891 T1,174497,1891-10-03T00:00:00,1891.7534246575342,1.208345601584945,0.971089,first_obs_used
C/1892 E1,174498,1892-07-26T22:51:54.144000,1892.5681768032787,2.01333860469342,1.026892843204419,obs
C/1892 F1,174499,1892-03-19T00:00:00,1892.2131147540983,2.0771704913280598,1.970844045144045,first_obs_used
C/1892 Q1,174500,1892-09-02T00:00:00,1892.6693989071039,2.0989104998781882,0.9760042938800123,first_obs_used
C/1892 W1,174501,1892-11-22T00:00:00,1892.8907103825136,1.3921721087385366,1.19510868331441,first_obs_used
C/1893 N1,174502,1893-07-17T20:48:53.856000,1893.5421021643836,0.7065454594572831,0.6744244490117037,obs
C/1893 U1,174503,1893-10-18T00:00:00,1893.7945205479452,0.9695011910603213,0.811991,first_obs_used
C/1894 G1,174504,1894-05-12T21:00:00,1894.361301369863,1.100659775978307,0.9829843091986097,obs
C/1895 W2,174505,1895-11-23T00:00:00,1895.8931506849315,1.032652993272338,0.843034,first_obs_used
C/1895 W1,174506,1895-11-18T00:00:00,1895.8794520547945,0.9281022952980651,0.1919769668034313,first_obs_used
C/1896 C1,174507,1896-02-15T14:00:48.960000,1896.1245461748633,0.6675469551041533,0.5872864561478279,obs
C/1896 G1,174508,1896-04-17T00:00:00,1896.292349726776,0.5669887783737406,0.5663755749765553,first_obs_used
C/1896 R1,174509,1896-09-07T00:00:00,1896.6830601092897,1.4575055526192962,1.142895,first_obs_used
C/1896 V1,174510,1896-11-04T00:00:00,1896.8415300546449,1.8494396967128637,1.062626054191984,first_obs_used
C/1897 U1,174511,1897-10-17T00:00:00,1897.7917808219179,1.5624960005199682,1.356269428164741,first_obs_used
C/1898 F1,174512,1898-04-12T02:12:37.440000,1898.2769646575343,1.1700680114898725,1.095262833768269,obs
C/1898 M1,174513,1898-06-28T23:39:27.936000,1898.4903718904109,1.5488431073342859,1.502238044501262,obs
C/1898 L2,174514,1898-07-13T00:14:25.728000,1898.5287945753425,0.955343359157248,0.6261209670050003,obs
C/1898 L1,174515,1898-06-14T06:54:10.368000,1898.4501030684933,2.079146244754879,1.701590269026724,obs
C/1898 V1,174516,1898-11-15T09:40:01.920000,1898.8723364383561,2.370523961960206,2.284705659577893,obs
C/1898 R1,174517,1898-09-13T12:58:10.560000,1898.7001106849316,0.9835394670544828,0.4204812042222061,obs
C/1898 U1,174518,1898-10-22T20:49:05.952000,1898.8078559726027,0.973811523544768,0.7560175599554874,obs
C/1899 E1,174519,1899-03-11T18:35:55.680000,1899.1911642465755,0.9100089670598973,0.3265623474498203,obs
C/1899 S1,174520,1899-10-01T18:38:31.200000,1899.7500732876713,1.7980167472643078,1.785615847511348,obs
C/1900 B1,174521,1900-02-21T19:28:50.016000,1900.1419498356165,1.6497397587570028,1.331568365620105,obs
C/1900 O1,174522,1900-07-25T01:54:01.152000,1900.5618607671233,1.0280385136681671,1.014834484556042,obs
C/1901 G1,174523,1901-05-09T08:28:53.760000,1901.351653150685,0.5218841116946845,0.2447941019803634,obs
C/1902 R1,174524,1902-09-04T23:56:07.584000,1902.676704958904,1.7360709395982146,0.4009823977596947,obs
C/1902 X1,174525,1902-12-05T00:00:00,1902.9260273972602,2.9905900742994733,2.773413799938352,first_obs_used
C/1903 H1,174526,1903-04-27T00:00:00,1903.317808219178,0.8851285159621819,0.49942,first_obs_used
C/1903 M1,174527,1903-06-22T00:00:00,1903.4712328767123,1.5544055034234214,0.3303793568005197,first_obs_used
C/1904 H1,174528,1904-04-22T20:38:56.832000,1904.3083616939891,2.7505192299334253,2.70779479248792,obs
C/1904 Y1,174529,1904-12-18T00:00:00,1904.9617486338798,1.9613484903560894,1.882049,first_obs_used
C/1906 E1,174530,1906-03-04T00:00:00,1906.1698630136987,3.576985982778553,3.340132274839949,first_obs_used
C/1905 W1,174531,1905-11-20T18:19:25.536000,1905.887023260274,1.134347823853242,1.051025570036502,obs
C/1906 B1,174532,1906-01-29T07:48:58.752000,1906.0776046027397,1.4131013657150435,1.296231763260205,obs
C/1905 X1,174533,1906-01-04T05:32:46.176000,1906.0088523013699,0.6278539241274032,0.2158990655128478,obs
C/1906 F1,174534,1906-03-20T00:00:00,1906.213698630137,0.8943073428126834,0.722913,first_obs_used
C/1906 V1,174535,1906-11-16T23:18:53.280000,1906.876634109589,1.2146817095416984,1.212454605237822,obs
C/1907 E1,174536,1907-03-11T20:14:03.840000,1907.1913509589042,2.0536500570155893,2.051520379871675,obs
C/1907 L2,174537,1907-07-21T00:43:53.472000,1907.5507684383563,1.1130965317127963,0.5121775063729215,obs
C/1907 T1,174538,1907-12-04T22:42:28.224000,1907.925879890411,1.65181530837678,0.9829779311326142,obs
C/1908 R1,174539,1908-09-18T00:32:31.776000,1908.71317647541,1.8724601811292352,0.9453879707839922,obs
C/1909 L1,174540,1909-06-17T00:00:00,1909.4575342465753,0.8685143409296199,0.8429003719967805,first_obs_used
C/1910 A1,174541,1910-01-19T12:23:49.056000,1910.0507302465753,0.15738995673358763,0.1289584769496926,obs
C/1910 P1,174542,1910-08-11T20:06:02.592000,1910.610513780822,1.9970078352988936,1.947239457311715,obs
C/1911 N1,174543,1911-07-09T00:00:00,1911.517808219178,0.7051489691829832,0.6838291180040257,first_obs_used
C/1911 S3,174544,1911-09-30T00:00:00,1911.7452054794521,0.44357806040731723,0.303424,first_obs_used
C/1911 O1,174545,1911-07-22T00:00:00,1911.5534246575342,1.9552185255076457,0.4898175729659427,first_obs_used
C/1911 S2,174546,1911-10-12T00:00:00,1911.7780821917809,0.992227974156552,0.7873466806974337,first_obs_used
C/1912 R1,174547,1912-09-10T00:00:00,1912.691256830601,0.877949594455562,0.7160803000497582,first_obs_used
C/1912 V1,174548,1912-11-03T00:00:00,1912.8387978142077,1.1258500092239996,1.107108,first_obs_used
C/1913 J1,174549,1913-05-21T00:00:00,1913.3835616438357,1.458956965903315,1.45695303124798,first_obs_used
C/1913 R1,174550,1913-09-03T00:00:00,1913.6712328767123,1.3669578503319704,1.35622224361707,first_obs_used
C/1914 J1,174551,1914-05-18T20:58:31.872000,1914.377736931507,0.5904538218831429,0.5431894119488555,obs
C/1914 F1,174552,1914-05-30T22:30:59.616000,1914.410789561644,1.2009388003886576,1.198608548551569,obs
C/1914 M1,174553,1914-06-24T21:33:23.616000,1914.4791731232876,3.7603837388694257,3.747063814596675,obs
C/1913 Y1,174554,1913-12-25T21:37:39.360000,1913.9832908219178,4.158586084297994,1.104401170223346,obs
C/1915 C1,174555,1915-02-17T03:08:32.352000,1915.1291258356164,2.493522320016575,1.005323694666113,obs
C/1917 H1,174556,1917-05-05T03:47:16.512000,1917.3401584383562,0.8089845646587684,0.76416988084517,obs
C/1916 G1,174557,1916-05-01T21:18:04.320000,1916.3330260928963,4.941402469653052,1.686430803053937,obs
C/1918 L1,174558,1918-06-13T00:00:00,1918.4465753424658,1.1069487750361442,1.101641,first_obs_used
C/1919 Q2,174559,1919-08-25T21:34:40.512000,1919.6490385753425,1.941589894268006,1.115203618002338,obs
C/1920 X1,174560,1920-12-19T00:00:00,1920.964480874317,1.154132785651939,1.147895223452719,first_obs_used
C/1921 E1,174561,1921-03-24T02:29:44.736000,1921.2249424383563,1.282940760467453,1.008453601302055,obs
C/1922 B1,174562,1922-01-23T00:00:00,1922.0602739726028,1.984374067563392,1.629083,first_obs_used
C/1922 U1,174563,1922-11-15T17:33:33.696000,1922.873237369863,2.27046033807033,2.258669142916854,obs
C/1922 W1,174564,1922-12-11T18:51:50.400000,1922.9446191780821,1.012538544894022,0.92359,obs
C/1923 T1,174565,1923-10-15T00:00:00,1923.786301369863,1.015532621126356,0.777832,first_obs_used
C/1924 F1,174566,1924-03-30T00:00:00,1924.2431693989072,1.767947110256937,1.755695,first_obs_used
C/1924 R1,174567,1924-09-24T18:19:17.760000,1924.7315939890711,0.6522095585493485,0.405911300403473,obs
C/1925 G1,174568,1925-04-06T00:00:00,1925.2602739726028,1.1118809279699842,1.109477,first_obs_used
C/1925 F2,174569,1925-03-27T00:00:00,1925.2328767123288,2.2999770575927867,1.633299,first_obs_used
C/1925 F1,174570,1925-03-23T00:00:00,1925.2219178082191,4.411663246914874,4.180785,first_obs_used
C/1925 W1,174571,1925-11-17T00:00:00,1925.876712328767,1.6826307195697003,1.566243,first_obs_used
C/1925 V1,174572,1925-11-21T00:00:00,1925.8876712328768,0.827225777343931,0.763569,first_obs_used
C/1926 B1,174573,1926-01-16T00:00:00,1926.041095890411,1.3594827354509584,1.345477,first_obs_used
C/1925 X1,174574,1925-12-14T00:00:00,1925.9506849315069,1.432500424074361,0.322588,first_obs_used
C/1927 B1,174575,1927-01-26T00:00:00,1927.0684931506848,0.9128501962366552,0.7500311316040593,first_obs_used
C/1927 A1,174576,1927-01-17T02:32:51.360000,1927.0441264383562,1.1399990400886828,1.035782378393369,obs
C/1927 E1,174577,1927-03-15T03:00:12.096000,1927.2003428493151,3.685661957898076,3.685078806240951,obs
C/1927 X1,174578,1927-12-05T00:00:00,1927.9260273972602,0.4971564065897522,0.176157,first_obs_used
C/1930 D1,174579,1930-02-18T00:00:00,1930.131506849315,1.2160145561298126,1.087114,first_obs_used
C/1929 Y1,174580,1929-12-21T00:00:00,1929.9698630136986,0.9387730201362672,0.672235,first_obs_used
C/1930 F1,174581,1930-03-22T00:00:00,1930.2191780821918,0.5100368053835068,0.48181,first_obs_used
C/1930 E1,174582,1929-10-09T00:13:09.696000,1929.7698880547946,3.022873455361442,2.078632,obs
C/1930 L1,174583,1930-06-02T00:00:00,1930.4164383561645,1.2076833372124676,1.1528,first_obs_used
C/1931 O1,174584,1931-07-18T04:18:02.880000,1931.5429567123288,1.20496936643902,1.046194951708566,obs
C/1931 P1,174585,1931-10-21T04:25:43.392000,1931.8032452876712,1.5413778551631478,0.074924,obs
C/1932 H1,174586,1932-04-28T01:41:07.008000,1932.3225962295082,2.8540056591587257,2.318384552850102,obs
C/1932 G1,174587,1932-04-02T00:00:00,1932.2513661202186,1.3494622211265905,1.254431,first_obs_used
C/1932 P1,174588,1932-08-19T23:21:08.928000,1932.6338060655737,1.0592294752889917,1.037232709709144,obs
C/1932 M2,174589,1933-04-01T20:38:24.864000,1933.2489315342466,3.1351786689654744,2.312627165741982,obs
C/1932 M1,174590,1932-06-21T20:33:57.024000,1932.4722866393442,2.0636188482789866,1.647387981465154,obs
C/1932 Y1,174591,1933-01-20T19:17:15.360000,1933.0542565753424,1.180184178408132,1.13076471811535,obs
C/1933 D1,174592,1933-02-26T20:50:35.808000,1933.1558040273972,1.0585124437324367,1.000678651794773,obs
C/1935 M1,174593,1935-06-03T00:00:00,1935.4191780821918,4.251020405461195,3.4857,first_obs_used
C/1935 A1,174594,1935-01-30T00:00:00,1935.0794520547945,0.9605230796277411,0.8111423372100578,first_obs_used
C/1935 Q1,174595,1935-07-03T00:00:00,1935.5013698630137,4.830336258768437,4.043409,first_obs_used
C/1936 K1,174596,1936-07-01T22:49:03.936000,1936.499865409836,1.1058323950121316,1.099880280774041,obs
C/1936 O1,174597,1936-07-21T18:54:51.840000,1936.5540658469945,0.5373517492037428,0.518403,obs
C/1937 P1,174598,1937-08-04T00:00:00,1937.5890410958905,3.5525833353348535,1.953657,first_obs_used
C/1937 C1,174599,1937-03-02T22:08:57.696000,1937.1669120273973,2.2237131042371385,1.733768710859798,obs
C/1937 N1,174600,1937-07-04T00:00:00,1937.504109589041,1.1551777510252752,0.8627481875975224,first_obs_used
C/1939 B1,174601,1939-01-22T18:48:17.856000,1939.0596809315068,0.7781333215751822,0.7164845262786019,obs
C/1939 H1,174602,1939-04-21T20:35:32.928000,1939.3037206027398,0.5949203626279356,0.5282550690622948,obs
C/1939 V1,174603,1939-11-06T00:00:00,1939.8465753424657,0.9452308594833866,0.945209,first_obs_used
C/1940 S1,174604,1940-10-04T00:00:00,1940.7568306010928,1.332300561171037,1.061768,first_obs_used
C/1940 O1,174605,1940-08-01T00:00:00,1940.5819672131147,1.5278860789741222,1.082228,first_obs_used
C/1940 R2,174606,1940-09-19T00:00:00,1940.7158469945355,2.3540209194799577,0.367751,first_obs_used
C/1941 B1,174607,1941-01-18T00:00:00,1941.0465753424658,0.94279232089513,0.941864,first_obs_used
C/1941 B2,174608,1941-01-30T18:56:13.056000,1941.0816138082191,0.7923465561087458,0.790033,obs
C/1941 K1,174609,1941-06-06T19:12:29.376000,1941.4295899726028,1.7329089705741423,0.874789,obs
C/1942 C1,174610,1942-02-17T21:48:16.128000,1942.131256219178,1.7637016254993174,1.445344078269943,obs
C/1942 C2,174611,1942-02-12T00:13:58.080000,1942.1150950684932,4.5367053698867075,4.113405017886291,obs
C/1942 X1,174612,1942-11-17T00:00:00,1942.876712328767,1.789854063497779,1.353647,first_obs_used
C/1943 W1,174613,1943-11-27T21:15:03.744000,1943.9065355068494,1.1914101647654345,0.8742522971463439,obs
C/1944 K2,174614,1944-06-01T16:57:31.104000,1944.4172311748634,2.2879006213965,2.225933,obs
C/1944 H1,174615,1944-04-18T21:24:48.672000,1944.2975197540984,3.655607874440153,2.411170700921862,obs
C/1945 L1,174616,1945-06-14T00:16:56.928000,1945.4493473150685,1.1054926865778472,0.998063,obs
C/1945 W1,174617,1945-11-24T00:00:00,1945.8958904109588,0.7506944953424673,0.19435,first_obs_used
C/1946 C1,174618,1946-02-02T00:00:00,1946.0876712328768,1.9500596792613494,1.724129,first_obs_used
C/1946 K1,174619,1946-06-05T01:32:30.336000,1946.4248335342465,1.1003554746257291,1.018412419910921,obs
C/1946 P1,174620,1946-08-13T03:28:19.488000,1946.6140949863013,1.6251179197900378,1.135979295928624,obs
C/1946 U1,174621,1946-11-02T22:11:53.952000,1946.8381504931506,2.631235733196128,2.407675371650016,obs
C/1947 F2,174622,1947-03-27T22:20:00.384000,1947.2354261917808,1.1542082642194371,0.961893288300247,obs
C/1947 F1,174623,1947-03-27T23:44:28.608000,1947.2355869041096,1.2490348978943377,0.559812431842614,obs
C/1947 K1,174624,1947-05-19T21:40:51.168000,1947.3805571780822,1.4123016327424895,1.40304624265441,obs
C/1947 O1,174625,1947-07-26T23:32:21.120000,1947.5670706849314,2.809833944248633,2.807880769807742,obs
C/1948 T1,174626,1948-10-07T04:43:36.480000,1948.7655654371586,4.894155026129943,3.268165417882285,obs
C/1947 V1,174627,1947-11-28T02:01:39.072000,1947.9070807671233,0.7794215225482156,0.7530447530400145,obs
C/1947 S1,174628,1947-10-04T02:15:57.888000,1947.7564230684932,2.375904587951717,0.7481298302601674,obs
C/1947 Y1,174629,1948-09-26T05:26:32.064000,1948.7355922404372,3.210947180840698,1.499709899604585,obs
C/1948 R1,174630,1948-09-04T00:00:00,1948.6748633879781,4.851649032331291,4.70838,first_obs_used
C/1948 L1,174631,1948-06-06T01:51:08.352000,1948.4291726229508,0.6926627676887953,0.206576729407629,obs
C/1948 E1,174632,1948-07-25T05:09:51.552000,1948.5634294535519,2.2608983209417355,2.107136377436629,obs
C/1948 W1,174633,1949-02-18T04:11:40.992000,1949.1319856986302,2.124707122213286,1.273428,obs
C/1948 V1,174634,1948-11-11T13:25:44.256000,1948.8621845355192,0.5681604615166602,0.1354393386439452,obs
C/1948 N1,174635,1948-07-15T09:53:53.952000,1948.5366459836066,3.913219237371215,2.517468047046625,obs
C/1949 N1,174636,1949-06-29T21:56:25.152000,1949.492915561644,2.4875463642961986,2.058249976986783,obs
C/1949 K1,174637,1949-06-19T03:05:04.992000,1949.4633658356165,3.3984021927555546,2.553078949130271,obs
C/1951 G2,174638,1950-06-12T03:29:45.024000,1950.4442346849314,3.6484693955764396,3.638503918436703,obs
C/1950 K1,174639,1950-05-27T10:07:59.808000,1950.4011567671232,3.5311336816448007,2.572331975014417,obs
C/1951 C1,174640,1951-02-05T12:35:47.040000,1951.0973283561643,0.729550696445877,0.7190609507128092,obs
C/1951 P1,174641,1951-08-07T05:51:44.928000,1951.5979295068494,2.6787187306184674,0.7403988330927667,obs
C/1952 H1,174642,1952-05-15T00:54:59.616000,1952.3689568032787,1.3353233973867904,1.282807246682241,obs
C/1952 M1,174643,1952-06-23T03:31:52.896000,1952.4758118579234,1.2506964626583736,1.201936503230722,obs
C/1952 Q1,174644,1952-09-25T03:55:03.936000,1952.7326864480874,2.1302174460320957,1.664987269250483,obs
C/1952 W1,174645,1952-12-13T12:50:29.184000,1952.9495493442623,1.1130378108033143,0.7777579139271542,obs
C/1953 G1,174646,1953-04-14T11:20:16.224000,1953.2834860547946,1.2392206339230138,1.022127349845494,obs
C/1954 M1,174647,1954-06-25T04:54:00.288000,1954.4800114246575,2.762915242138392,2.060901701859182,obs
C/1953 X1,174648,1953-12-05T04:51:48.096000,1953.9265825753425,1.4338521646567097,0.07230584172946862,obs
C/1955 G1,174649,1955-04-13T06:33:00.288000,1955.280199780822,5.44573552429504,4.496225959274523,obs
C/1954 O1,174650,1954-09-30T04:01:32.736000,1954.745665041096,2.245748438669453,0.7811835877776417,obs
C/1953 T1,174651,1953-10-16T11:32:00.384000,1953.79035769863,3.7942267139591563,0.9701847900581597,obs
C/1954 M2,174652,1954-06-30T05:37:59.808000,1954.4937937534246,1.3489026757510543,0.7463691020080301,obs
C/1955 L1,174653,1955-06-16T10:48:52.704000,1955.456029068493,0.605142442576388,0.5343685807239261,obs
C/1955 N1,174654,1955-07-16T09:55:08.256000,1955.5381186027398,1.429158711109771,1.427451643787483,obs
C/1955 O1,174655,1955-08-02T12:13:27.840000,1955.5849571232877,0.8850754086158602,0.8846152852414721,obs
C/1954 O2,174656,1954-08-12T04:25:43.392000,1954.6114644657534,4.975137978404089,3.869943951048865,obs
C/1954 Y1,174657,1955-01-13T04:18:06.336000,1955.033367780822,5.1591158334226686,4.076983995782628,obs
C/1956 E1,174658,1956-03-23T12:34:42.240000,1956.22547568306,0.9289507259494942,0.8422399999999999,obs
C/1956 R1,174659,1956-11-30T04:36:01.152000,1956.913092021858,2.5295783874330873,0.3160431518484373,obs
C/1957 P1,174660,1957-08-31T04:03:01.728000,1957.663476082192,0.8425439879315433,0.3549360736788535,obs
C/1957 U1,174661,1957-10-02T00:00:00,1957.7506849315068,1.4181061441462472,0.53913,first_obs_used
C/1958 D1,174662,1958-02-22T04:58:29.856000,1958.1430336712328,1.5373233856134485,1.322687360751788,obs
C/1958 R1,174663,1958-09-14T06:10:09.984000,1958.7020741369863,2.7869179118887204,1.628201741765237,obs
C/1959 O1,174664,1959-06-02T00:00:00,1959.4164383561645,1.4299003094079505,1.250534,first_obs_used
C/1959 Q1,174665,1959-08-29T03:10:39.360000,1959.6578969863015,1.165117275829573,1.150410166905681,obs
C/1960 B1,174666,1960-01-28T03:02:57.120000,1960.0741176229508,2.156511384963216,1.170776296902189,obs
C/1959 X1,174667,1959-12-04T12:57:10.944000,1959.9247663287672,1.2949946069670377,1.253241233083492,obs
C/1960 M1,174668,1960-06-23T05:40:25.824000,1960.4760557650272,4.562321012191641,4.267539644853636,obs
C/1959 Y1,174669,1960-01-04T01:36:48.672000,1960.008380409836,1.633782600134484,0.5044107473328405,obs
C/1961 O1,174670,1961-09-06T10:46:18.048000,1961.6806816986302,1.4723556285531698,0.04012543972804614,obs
C/1961 T1,174671,1961-10-15T12:16:43.104000,1961.787703041096,0.6885880517766996,0.6812019176544553,obs
C/1962 C1,174672,1962-02-10T04:49:55.776000,1962.1101406575342,1.4717904022487183,0.03139768508991173,obs
C/1962 H1,174673,1962-05-01T11:27:35.136000,1962.3300753150686,0.6952893022393251,0.6530851148458818,obs
C/1961 R1,174674,1961-09-06T09:00:52.704000,1961.6804811232876,5.220204773698029,2.133469730848697,obs
C/1963 A1,174675,1963-01-07T12:28:25.536000,1963.0178623013699,1.5315129418044877,0.6321397784270697,obs
C/1963 F1,174676,1963-03-20T11:05:44.448000,1963.214965260274,1.6646712309613958,1.537080421404611,obs
C/1963 R1,174677,1963-09-23T11:57:39.168000,1963.7273927945205,1.0678784402762465,0.005020925779721426,obs
C/1964 L1,174678,1964-06-11T10:25:46.848000,1964.4438103005464,0.6744516646417248,0.5003606378860337,obs
C/1964 N1,174679,1964-07-10T10:33:08.352000,1964.5230592349726,0.9167795433748873,0.8217416991326463,obs
C/1964 P1,174680,1964-08-08T04:36:01.152000,1964.6016166120219,1.2799772101268374,1.259278567330183,obs
C/1965 S2,174681,1965-09-27T19:55:31.008000,1965.7392608767123,1.3624204821590171,1.293958774951322,obs
C/1966 P2,174682,1966-08-19T23:50:01.248000,1966.6328577260274,2.498576132169016,2.018741250374431,obs
C/1966 R1,174683,1966-09-13T17:34:14.304000,1966.7006359178083,1.1288041010047838,0.8818332327890895,obs
C/1966 P1,174684,1966-08-09T04:33:40.320000,1966.603260410959,2.5436714888036063,2.384768843976003,obs
C/1966 T1,174685,1966-10-17T05:33:00,1966.7924143835617,1.9678277287382657,0.4192092682853801,obs
C/1967 C2,174686,1967-02-11T02:08:00.960000,1967.112572328767,1.358434962772019,1.327154232154989,obs
C/1967 C1,174687,1967-02-06T18:53:25.440000,1967.1007865753425,0.9337607926748704,0.457379768802979,obs
C/1967 M1,174688,1967-07-03T22:40:03.072000,1967.503957479452,0.6033337416321942,0.1782497333279935,obs
C/1967 Y1,174689,1967-12-29T19:36:30.528000,1967.9940192328768,1.858405537487379,1.696578645190065,obs
C/1968 U1,174690,1968-10-17T00:55:29.856000,1968.7924550273224,3.3341927401332603,2.603056943720637,obs
C/1968 H1,174691,1968-05-04T19:03:19.008000,1968.3409671311476,0.7207366763357225,0.6803765567918421,obs
C/1968 L1,174692,1968-06-17T04:39:59.616000,1968.4595476502732,1.2495138935754178,1.234006210401463,obs
C/1968 N1,174693,1968-07-13T00:05:30.048000,1968.5300650819672,1.2315024284196436,1.160438392435118,obs
C/1968 Q1,174694,1968-08-25T22:02:15.936000,1968.6500498360656,1.7723010823507934,1.771093642403217,obs
C/1968 Q2,174695,1968-09-12T11:38:54.240000,1968.6980474043717,1.383634173822821,1.099008155660729,obs
C/1968 Y1,174696,1968-12-19T06:02:00.096000,1968.9651677322404,3.323825260738266,3.316097536476139,obs
C/1969 P1,174697,1969-08-14T17:59:35.808000,1969.6184923835617,1.3287323661524835,0.7739190138811818,obs
C/1969 T1,174698,1969-10-13T09:51:31.392000,1969.7819473424659,1.5156800658845861,0.4726393519736965,obs
C/1970 B1,174699,1970-01-28T20:16:49.728000,1970.0762877260274,0.6952219189784512,0.06574581205806093,obs
C/1969 Y1,174700,1969-12-30T14:08:59.712000,1969.9961358356165,1.657654185680368,0.5376201462339973,obs
C/1970 K1,174701,1970-05-23T22:58:04.800000,1970.3916630136987,0.4833272722978253,0.008844058148402313,obs
C/1970 U1,174702,1970-10-20T09:52:07.680000,1970.8011265753426,0.6280503828463185,0.405492588951436,obs
C/1970 N1,174703,1970-07-05T18:49:26.976000,1970.5089981917808,1.9755903605480418,1.112540542309455,obs
C/1972 F1,174704,1972-03-16T04:49:31.584000,1972.2054673770492,5.118736315773267,3.276470837124134,obs
C/1971 E1,174705,1971-03-09T19:57:05.184000,1971.1858392054794,1.36733913702568,1.233346079429477,obs
C/1971 M1,174706,1971-06-19T14:03:08.064000,1971.4646178356165,3.3522807932026017,2.881428578749651,obs
C/1972 E1,174707,1972-03-22T21:15:59.904000,1972.2237325409835,0.9312160065099658,0.9272182497077517,obs
C/1973 A1,174708,1973-01-04T19:34:01.920000,1973.0104528767124,2.697548505179283,2.511110188727399,obs
C/1972 L1,174709,1972-06-09T05:22:44.832000,1972.4377708469945,4.474429403968795,4.275740751076174,obs
C/1972 X1,174710,1972-11-15T05:50:08.160000,1972.8722490437158,4.867980077528155,4.860839683910214,obs
C/1972 U1,174711,1972-10-31T19:11:00.384000,1972.832785,2.460089889949858,2.147034345453323,obs
C/1973 H1,174712,1973-04-25T08:15:00,1973.3132705479452,2.434350383466136,2.384239652171013,obs
C/1973 D1,174713,1973-02-28T00:36:30.240000,1973.1589735616437,1.9664220772805068,1.382020849039407,obs
C/1973 W1,174714,1973-11-30T01:36:20.160000,1973.9125120547944,3.9656264957142264,3.842302627644287,obs
C/1973 N1,174715,1973-07-04T04:31:29.856000,1973.5046261369862,4.913726090682284,4.812051393080041,obs
C/1973 E1,174716,1973-01-28T22:34:59.808000,1973.0765506027396,5.1528424641256345,0.1424250322974156,obs
C/1974 C1,174717,1974-02-14T12:09:59.616000,1974.1219368219179,0.8821955233036292,0.5031900075045974,obs
C/1974 O1,174718,1974-07-27T03:23:37.824000,1974.5675107123288,1.7387418616411052,1.372893388503958,obs
C/1974 V1,174719,1974-11-12T05:30:02.880000,1974.8636416438355,6.0568156799935,6.019169861633006,obs
C/1974 V2,174720,1974-11-14T02:16:43.680000,1974.8687532876713,0.922247013513346,0.8646478595532839,obs
C/1976 D2,174721,1976-02-25T04:39:10.368000,1976.1508029234972,7.37265940153516,6.879570675889903,obs
C/1975 E1,174722,1975-03-15T00:22:09.696000,1975.2000421643836,1.2584026442813034,1.21694567481709,obs
C/1974 F1,174723,1974-03-21T23:55:00.192000,1974.2191685753426,5.639886700999247,3.011473790586171,obs
C/1975 N1,174724,1975-07-06T07:52:00.192000,1975.5104870684931,1.4020616497931575,0.4255641219754202,obs
C/1975 T2,174725,1975-10-06T19:28:35.328000,1975.7638671780821,0.8530808913514205,0.8380527730324591,obs
C/1975 V2,174726,1975-11-13T11:44:59.712000,1975.867094739726,1.0614147605774673,0.218720706696388,obs
C/1975 T1,174727,1975-10-07T08:59:54.816000,1975.7654107945204,1.9229936389453723,1.603933745728527,obs
C/1975 X1,174728,1975-12-09T19:04:29.856000,1975.9391638082193,0.978896570469297,0.8639704105182059,obs
C/1976 D1,174729,1976-02-21T09:36:30.240000,1976.140438114754,0.8499363048683557,0.8477926204906571,obs
C/1976 E1,174730,1976-03-04T20:51:00,1976.1745047814209,0.7026362599303737,0.6782929014758708,obs
C/1976 U1,174731,1976-11-22T00:05:36.096000,1976.890721010929,5.939550426911425,5.857482050011569,obs
C/1977 D1,174732,1977-02-17T22:33:44.640000,1977.131342739726,5.769206123378432,5.715993173519972,obs
C/1976 J1,174733,1976-04-27T07:29:29.760000,1976.320525,2.889743339222188,1.568851342695225,obs
C/1977 H1,174734,1977-04-16T09:24:59.904000,1977.2887461917808,1.6274950438704194,1.117546916071029,obs
C/1978 A1,174735,1976-03-30T18:25:12,1976.2452663934425,6.5700682907414265,5.606238969896822,obs
C/1977 V1,174736,1977-11-03T14:01:08.832000,1977.839956520548,3.718521664951625,3.603188797635113,obs
C/1977 R1,174737,1977-09-06T04:00:00.288000,1977.6799086849314,1.4690867234780642,0.9905764878202094,obs
C/1978 C1,174738,1978-02-06T15:26:29.760000,1978.1003928767122,1.0097183366938836,0.4365735880611376,obs
C/1978 R3,174739,1978-09-14T07:55:09.408000,1978.7022738904109,1.8179728196674527,1.771588233052446,obs
C/1978 G2,174740,1978-04-12T13:54:06.336000,1978.2782992876712,6.350887059758785,6.284334363820212,obs
C/1978 T1,174741,1978-10-02T18:04:14.880000,1978.7527478082193,0.6051510776498901,0.3698759521919549,obs
C/1978 T3,174742,1978-10-11T18:06:53.856000,1978.7774103835616,0.5401315030777182,0.4317917410740108,obs
C/1978 H1,174743,1978-04-28T04:32:00.096000,1978.3210654520549,3.0012309350574986,1.136526267667807,obs
C/1979 M3,174744,1978-08-23T12:12:11.808000,1978.642488958904,5.340994018079847,4.686874718540132,obs
C/1979 M1,174745,1979-06-25T08:00:29.952000,1979.4803662465754,0.8042194839967819,0.4132167734883136,obs
C/1979 S1,174746,1979-09-20T05:04:14.592000,1979.7183870684933,1.482479364731833,1.431958164450982,obs
C/1979 Y1,174747,1979-12-26T19:41:00.096000,1979.9858086027398,0.5583728213917912,0.5453012379815432,obs
C/1980 L1,174748,1980-06-13T05:56:40.416000,1980.4487641803278,2.6483427169682607,2.58390699001187,obs
C/1980 O1,174749,1980-08-02T21:20:59.712000,1980.58713,1.0454402838337766,0.5228969332008477,obs
C/1980 V1,174750,1980-11-06T23:11:31.776000,1980.849634808743,1.5856976057587777,1.519493664295616,obs
C/1980 Y1,174751,1980-07-18T10:07:46.848000,1980.5448690437158,3.058739341026604,0.259823466168743,obs
C/1980 Y2,174752,1980-10-09T01:55:58.656000,1980.7707118579235,2.1905933565768314,1.657186652847665,obs
C/1980 R1,174753,1980-09-06T17:05:00.384000,1980.682272704918,2.9553428085871802,2.112444991216334,obs
C/1981 M1,174754,1981-06-29T06:20:00.096000,1981.4911339452055,2.5659816027353886,2.333585346767921,obs
C/1981 H1,174755,1981-04-26T07:45:59.904000,1981.3159550958903,2.6688122067419853,2.458093810179234,obs
C/1981 G1,174756,1981-04-03T00:23:02.400000,1981.252098630137,4.8649509577456636,4.74264583726577,obs
C/1980 E1,174757,1980-02-11T07:45:00.288000,1980.1129041530055,7.460415490484481,3.363939864961739,obs
C/1982 M1,174758,1982-06-19T17:44:59.712000,1982.4650399452055,1.4288251672806762,0.6478121788309483,obs
C/1983 J2,174759,1983-05-18T04:22:04.800000,1983.3758410958903,2.1715720384054604,1.416663151060624,obs
C/1983 J1,174760,1983-05-09T10:24:29.952000,1983.3518730958904,0.5123222324907616,0.47108414175259,obs
C/1983 N1,174761,1983-07-14T08:17:13.056000,1983.5324528493152,2.546797256667487,2.418057519618018,obs
C/1983 H1,174762,1983-04-27T21:18:19.872000,1983.3202403561643,1.068652711616345,0.9913409756028386,obs
C/1983 O1,174763,1983-07-21T10:52:05.376000,1983.551925589041,3.317948920855741,3.317948219647231,obs
C/1983 R1,174764,1983-09-07T07:31:59.232000,1983.6830517260273,3.4231504661523138,3.344912080584129,obs
C/1983 O2,174765,1983-08-04T10:14:05.280000,1983.5902094520548,2.606301892695557,2.254796852132014,obs
C/1984 N1,174766,1984-07-08T18:46:56.640000,1984.518531693989,0.9555353248452437,0.2912830513314226,obs
C/1984 U1,174767,1984-10-23T10:57:00,1984.8099897540983,5.501276808285811,5.489110683048431,obs
C/1984 S1,174768,1984-09-18T03:42:31.392000,1984.713536967213,0.9792142676619882,0.856607869347438,obs
C/1984 V1,174769,1984-11-14T23:01:58.080000,1984.8714745901639,1.0547301940753615,0.9179483098386968,obs
C/1984 U2,174770,1984-10-25T09:02:59.712000,1984.8152379234973,1.6082489767391916,1.21451321305621,obs
C/1985 K1,174771,1985-05-28T11:04:59.520000,1985.404004931507,0.9972138216081645,0.1062503320789703,obs
C/1984 K1,174772,1984-05-27T09:45:00,1984.40274931694,5.245363146607894,2.696507251222518,obs
C/1984 W2,174773,1984-11-17T14:55:28.704000,1984.8787482513662,4.8047036143310695,4.000284584723119,obs
C/1985 R1,174774,1985-09-13T13:59:34.656000,1985.7002275068494,1.7236672433589557,0.6945805292340071,obs
C/1985 T1,174775,1985-10-09T04:39:59.616000,1985.7703957260273,1.672918610942862,1.317140970666608,obs
C/1986 E1,174776,1986-03-04T07:58:44.544000,1986.1707738630137,3.594385816279373,3.593858358810529,obs
C/1986 N1,174777,1986-07-15T21:24:42.624000,1986.5366908493152,2.744489314173604,2.642129690673336,obs
C/1987 H1,174778,1987-04-25T10:41:59.712000,1987.313550219178,5.581963131657586,5.457290495540165,obs
C/1987 A1,174779,1987-01-08T20:02:40.416000,1987.0214662739727,1.0031860913067083,0.921480109921712,obs
C/1987 B2,174780,1987-01-26T09:09:59.616000,1987.0695395616438,0.8902791497994199,0.392886751129357,obs
C/1986 V1,174781,1986-11-02T00:55:29.856000,1986.8357220273972,2.3644715748144085,1.721157527143638,obs
C/1987 B1,174782,1987-01-20T11:27:29.952000,1987.0533628219177,1.3137234091378311,0.8695884734222341,obs
C/1988 B1,174783,1988-01-23T11:12:58.176000,1988.0613861748634,5.5546719219189775,5.030938926756805,obs
C/1987 F1,174784,1987-03-28T06:13:59.808000,1987.236328,3.6261828655630124,3.624286572221827,obs
C/1986 P1,174785,1986-08-05T07:57:59.616000,1986.5926902465753,3.640032502787788,1.199647969411932,obs
C/1987 T1,174786,1987-10-13T09:49:59.808000,1987.7819444383563,0.9236476749592206,0.5152613981717605,obs
C/1987 Q1,174787,1987-08-22T02:35:02.688000,1987.6386511506848,1.1608846664501082,0.6026024363277476,obs
C/1987 P1,174788,1987-08-12T08:12:45.216000,1987.611896410959,1.7103147639739187,0.8689564396071634,obs
C/1988 F1,174789,1988-03-22T12:50:59.424000,1988.2227743442622,2.0568326393553034,1.174205476295893,obs
C/1987 U3,174790,1987-10-10T09:48:31.680000,1987.7737224657535,1.3916408436357741,0.8411667057302886,obs
C/1988 C1,174791,1988-02-16T08:12:00.288000,1988.1266165846994,2.0325025862227166,1.930675205805696,obs
C/1987 W1,174792,1987-11-23T10:45:45.216000,1987.8943792876712,1.2766648725967231,0.1995184647105148,obs
C/1987 W3,174793,1987-09-24T09:20:00.096000,1987.7298325753425,3.507480155976198,3.33274485451239,obs
C/1988 J1,174794,1988-05-13T11:34:59.232000,1988.3647066393441,1.791568410176677,1.174487155633374,obs
C/1987 W2,174795,1987-11-21T18:43:30.144000,1987.8898087945206,2.140419242319909,1.679521743225016,obs
C/1988 A1,174796,1988-01-12T12:00:00,1988.0314207650274,1.6016137505710506,0.8413360057805781,obs
C/1988 P1,174797,1988-08-07T11:07:24.672000,1988.5996269945356,1.1684092875751952,0.1645515520800235,obs
C/1989 A1,174798,1989-01-02T19:14:59.712000,1989.0049372054796,2.049331812621248,1.89462089587541,obs
C/1989 A6,174799,1989-01-11T09:28:14.304000,1989.0284783835616,2.35160074041247,2.207946223400923,obs
C/1988 Y1,174800,1989-01-01T20:10:59.808000,1989.0023040273973,0.6808854390939061,0.4278137122523382,obs
C/1989 A5,174801,1988-02-25T10:34:59.808000,1988.1514780601092,4.501636992779049,2.63963762977597,obs
C/1988 L1,174802,1988-06-11T09:38:14.784000,1988.4437201092896,4.4825047826903015,2.474297137882745,obs
C/1989 R1,174803,1989-09-05T03:50:30.048000,1989.6771508767124,1.3455041369205027,1.324503842098288,obs
C/1989 Y2,174804,1989-12-02T15:30:33.408000,1989.9195786849316,1.999198433579623,1.975796214980326,obs
C/1989 Q1,174805,1989-08-24T12:03:29.952000,1989.6452121369864,1.6308173958765035,0.6423305102281119,obs
C/1989 T1,174806,1989-10-01T08:08:59.712000,1989.748875561644,1.599417764959843,1.04731853373744,obs
C/1989 W1,174807,1989-11-19T01:27:29.664000,1989.8823582465754,1.0434208936968548,0.3006888887045017,obs
C/1990 E1,174808,1990-03-17T11:19:30.432000,1990.2067722739725,1.0683432843361071,1.068341053813668,obs
C/1989 X1,174809,1989-12-06T17:19:00.192000,1989.9307439178083,2.4388619649874737,0.3497738959103122,obs
C/1989 Y1,174810,1988-06-13T14:55:13.152000,1988.449786010929,7.1621822448058055,1.56916751174884,obs
C/1990 N1,174811,1990-07-13T12:31:59.808000,1990.5301978630137,1.6343516683497565,1.092440860850179,obs
C/1991 C3,174812,1991-01-26T17:12:41.760000,1991.0704579452056,4.842249093989791,4.777706013369888,obs
C/1990 K1,174813,1990-05-21T17:57:00.288000,1990.385610739726,2.574462266951466,0.938737631606041,obs
C/1991 R1,174814,1991-09-03T12:45:10.368000,1991.6726886849315,7.242271196250327,6.981917662293495,obs
C/1991 A2,174815,1990-12-23T15:37:37.632000,1990.9771263835617,1.4457235101919328,1.434192080577088,obs
C/1990 M1,174816,1990-06-19T13:17:43.008000,1990.4645314246575,3.7180473782495294,2.682264352211716,obs
C/1991 B1,174817,1991-01-13T10:45:45.216000,1991.0341053150685,4.342444261600423,2.265069092256138,obs
C/1991 F2,174818,1991-02-23T15:32:56.832000,1991.1469804931507,4.254756912034875,1.517722704048847,obs
C/1991 Y1,174819,1991-12-24T08:40:30.144000,1991.9790724931506,1.0179524239010356,0.6439693866566208,obs
C/1991 L4,174820,1991-06-13T07:44:30.048000,1991.4474590958905,5.228406882797535,4.849874884445977,obs
C/1992 B1,174821,1992-02-10T19:54:59.904000,1992.1115569945355,0.9822013238785461,0.5001085632978257,obs
C/1991 X2,174822,1991-12-13T11:35:00.096000,1991.9492675068493,2.169722395475798,0.1987967233397178,obs
C/1992 F1,174823,1992-04-02T18:59:49.920000,1992.2535288251365,1.2975591684078664,1.261503396385342,obs
C/1991 Q1,174824,1991-08-03T13:08:18.816000,1991.5878012054795,4.097595076868929,3.193966599922323,obs
C/1992 J2,174825,1992-05-04T17:45:02.304000,1992.3408186065574,0.7501400179549692,0.5923200502942444,obs
C/1992 A1,174826,1992-01-09T11:53:45.024000,1992.0232121857923,3.500041283178296,3.016596631696579,obs
C/1991 T2,174827,1991-10-06T12:03:29.952000,1991.7630203561644,4.166473845377106,0.8362622879634103,obs
C/1993 F1,174828,1993-03-19T09:14:30.048000,1993.212013890411,6.114960013112597,5.901065744875744,obs
C/1992 W1,174829,1992-12-04T19:27:32.256000,1992.9257125409836,0.9458478122536343,0.6648264472393502,obs
C/1992 Q2,174830,1992-08-29T10:20:40.128000,1992.6596475956285,3.030078821248483,2.038458110298743,obs
C/1992 U1,174831,1992-10-25T11:22:44.832000,1992.8155030874318,2.857009786872195,2.313656020435573,obs
C/1992 J1,174832,1993-01-28T17:48:59.040000,1993.0760064383562,3.690341278618875,3.007011030180084,obs
C/1994 E1,174833,1994-03-10T11:37:30.432000,1994.1876284383561,2.1679435488133603,1.751261378238345,obs
C/1993 A1,174834,1993-01-02T10:20:29.760000,1993.0039202739727,4.574057512021902,1.937454603926041,obs
C/1993 K1,174835,1993-03-18T16:04:51.456000,1993.2100549041095,5.445619693579718,4.849378425317122,obs
C/1993 Q1,174836,1992-09-28T06:24:00.288000,1992.7411657650273,6.505420926576081,0.967250878692655,obs
C/1993 Y1,174837,1993-12-18T13:45:20.160000,1993.963214109589,1.9118082586171263,0.8676346411697747,obs
C/1994 E2,174838,1994-04-03T03:37:44.544000,1994.2524690684932,1.4367473918378537,1.158819190008642,obs
C/1994 J2,174839,1994-05-08T13:54:16.704000,1994.3495324931507,2.0494175746636643,1.947739738408806,obs
C/1994 N1,174840,1994-07-07T09:00:42.336000,1994.5133575068494,1.1436755438514674,1.14013963293908,obs
C/1994 T1,174841,1994-10-09T08:08:42.432000,1994.770792821918,1.8473770433771606,1.845392222918178,obs
C/1995 Q2,174842,1995-08-29T13:06:43.776000,1995.659031068493,1.9176512322020403,1.889143209749869,obs
C/1995 Q1,174843,1995-08-18T08:37:39.936000,1995.6283821643835,0.5487196476039609,0.4363869767926454,obs
C/1996 B1,174844,1996-01-29T07:20:16.800000,1996.0773381147542,1.4539613445587922,1.448787968066914,obs
C/1995 Y1,174845,1995-12-26T19:50:51.072000,1995.9858273424657,1.4306783587654095,1.054617161325053,obs
C/1996 P2,174846,1995-05-02T08:06:59.616000,1995.3324333972603,3.94850242809713,2.005853506743677,obs
C/1996 B2,174847,1996-01-31T17:54:42.048000,1996.0840063387977,2.0154178404075864,0.2302235310262354,obs
C/1996 E1,174848,1996-03-15T06:06:28.800000,1996.202881147541,2.3080324287761838,1.358954134278129,obs
C/1996 N1,174849,1996-07-04T08:32:03.840000,1996.5064360655738,1.0672874519968896,0.9258214082604733,obs
C/1996 R1,174850,1996-09-08T08:41:01.248000,1996.6867809289618,1.9037429353419422,1.899198446453346,obs
C/1996 Q1,174851,1996-08-21T02:32:00.384000,1996.6369004371584,1.5473055076150761,0.8398029304982347,obs
C/1997 L1,174852,1997-06-03T16:09:51.264000,1997.4210233150684,5.121356193290391,4.8995627760222,obs
C/1995 O1,174853,1995-07-24T04:31:01.344000,1995.5594197534247,7.1313849193911265,0.890537663547794,obs
C/1997 J1,174854,1996-08-12T06:28:36.768000,1996.6127592076502,3.654884298320365,2.302130868274638,obs
C/1997 A1,174855,1997-01-09T15:39:33.408000,1997.0237053972603,3.5151081139199296,3.157173321926218,obs
C/1997 K2,174856,1997-05-20T21:12:57.600000,1997.3832438356164,1.6202197613478613,1.544700389346878,obs
C/1997 O1,174857,1997-07-23T08:59:01.248000,1997.5571899178083,1.3794291359722988,1.371813783751212,obs
C/1997 N1,174858,1997-07-03T19:03:09.504000,1997.5035448219178,1.0852067243415275,0.3957227625891588,obs
C/1997 P2,174859,1997-08-13T08:04:11.136000,1997.6146198356164,4.265649505437541,4.262987507598925,obs
C/1997 D1,174860,1997-02-20T05:28:45.120000,1997.137611780822,3.4100374860566536,2.247621963252406,obs
C/1999 S2,174861,1999-09-21T13:15:15.264000,1999.7220609863014,7.8499733977673865,6.46774323415971,obs
C/1998 M4,174862,1998-06-25T08:19:20.064000,1998.4804020821919,3.3126688119604246,2.600017417660438,obs
C/1997 T1,174863,1997-10-05T15:40:47.712000,1997.7606940547946,1.6571004901236412,1.359108788125658,obs
C/1998 K3,174864,1998-05-23T08:48:40.896000,1998.3900469589041,3.615304886167418,3.546314429598131,obs
C/1997 J2,174865,1997-05-07T21:55:40.224000,1997.3477086575342,4.2252259315964995,3.051148658144366,obs
C/1998 H1,174866,1998-04-26T12:48:03.168000,1998.3165297808218,1.497024063144765,1.487290817566675,obs
C/1997 G2,174867,1997-04-15T16:40:02.208000,1997.2868341643837,4.607861321169127,3.08496320203447,obs
C/1998 U1,174868,1998-10-18T09:36:53.568000,1998.7956181369864,4.231404426997297,3.975444688770558,obs
C/1998 J1,174869,1998-05-03T16:46:05.952000,1998.3361607671234,0.2557705825166024,0.1532143985132998,obs
C/1998 Q1,174870,1998-08-24T07:07:17.472000,1998.6446485753424,1.7493081797989105,1.577876895676178,obs
C/1998 M3,174871,1998-05-26T07:07:02.784000,1998.3980727671233,5.780205358172364,5.76823158140287,obs
C/1998 K5,174872,1998-05-26T09:06:19.296000,1998.3982996986301,1.3043871788046582,0.963546983714058,obs
C/1998 M2,174873,1998-05-04T09:42:02.880000,1998.3380936986302,2.9180564321485822,2.725332779603543,obs
C/1999 F2,174874,1998-05-15T03:15:22.752000,1998.3674950136985,4.784598055159727,4.71807801068003,obs
C/1998 K1,174875,1998-04-04T07:22:49.728000,1998.255637041096,3.6722042366143017,3.416609965717887,obs
C/1998 K2,174876,1998-05-22T08:46:13.152000,1998.3873025479452,2.587388801746406,2.323478268198635,obs
C/1999 U1,174877,1999-10-18T09:07:31.872000,1999.7955622739726,5.349015769735107,4.139122798781426,obs
C/1998 M6,174878,1998-07-02T15:45:11.232000,1998.5004284383563,6.016419069954031,5.978629682102896,obs
C/1998 W3,174879,1998-11-25T07:11:16.800000,1998.8994506849315,4.929602803394611,4.914591729110549,obs
C/1998 P1,174880,1998-08-11T09:06:39.168000,1998.6092592328766,1.5553073218797282,1.146153915263378,obs
C/1998 U5,174881,1998-10-30T08:59:21.984000,1998.8284234520547,1.4687979850904072,1.236452925017131,obs
C/1998 M5,174882,1997-09-30T08:17:07.872000,1997.7461513150686,5.522096995525092,1.742289098389161,obs
C/1999 A1,174883,1999-01-13T11:02:36.096000,1999.034137369863,0.7988843710815047,0.7307413961376154,obs
C/1999 K7,174884,1999-05-24T08:11:33.504000,1999.3927160547946,2.5250508058166994,2.322718249770196,obs
C/1999 K3,174885,1999-05-20T06:28:23.808000,1999.3815608767122,2.1713498451523283,1.928739193726361,obs
C/1999 K2,174886,1999-05-14T09:24:08.064000,1999.3654568767124,5.296084798347045,5.290256483597464,obs
C/1998 T1,174887,1998-10-01T09:20:28.608000,1998.7490115616438,3.6513771840735325,1.46772774078811,obs
C/1999 H1,174888,1999-04-16T14:17:30.336000,1999.2893027123287,1.7074545057269381,0.7081071290213437,obs
C/1999 N2,174889,1999-07-14T09:01:09.120000,1999.5325364383561,0.7801589202943173,0.7612843547000608,obs
C/1999 K6,174890,1999-05-20T05:27:20.448000,1999.3814447123289,2.3674051694209353,2.246976756958352,obs
C/1999 L2,174891,1999-06-11T05:49:51.744000,1999.4417615342466,2.0211908942700463,1.904764282945525,obs
C/1999 H3,174892,1999-04-22T07:24:58.464000,1999.3049561917808,3.664171280253506,3.500834467400323,obs
C/1999 J3,174893,1999-05-12T06:47:52.800000,1999.3596801369863,2.260655183146168,0.976809003451493,obs
C/2001 O2,174894,2001-07-25T10:06:33.408000,2001.5627978630137,6.861913588501012,4.819417541885846,obs
C/2000 B2,174895,2000-01-29T05:44:15.648000,2000.0771559289617,3.8420016264514665,3.776151248760215,obs
C/1999 J4,174896,1999-05-15T07:37:47.424000,1999.3679942739725,4.119101560744496,3.781073689811309,obs
C/1997 BA6,174897,1997-02-06T19:31:15.168000,1997.100858547945,8.981466548908779,3.43646286538527,obs
C/2000 K1,174898,1999-05-18T09:12:07.488000,1999.3763929315069,6.439327843014761,6.275829040198983,obs
C/1999 L3,174899,1999-06-09T04:06:55.872000,1999.4360862465753,3.11918877580964,1.988917507295074,obs
C/2000 O1,174900,1998-12-14T05:53:50.208000,1998.9513581369863,6.579829020420879,5.921779685276794,obs
C/2000 H1,174901,2000-04-26T09:18:20.736000,2000.3179992896175,3.723665270434109,3.638123730299278,obs
C/2000 U5,174902,2000-10-29T09:09:45.792000,2000.826179726776,4.066252018570221,3.486197053357432,obs
C/1999 J2,174903,1999-05-12T08:02:41.280000,1999.3598224657535,7.419309841915183,7.109764356300889,obs
C/1999 K8,174904,1998-08-19T06:09:10.368000,1998.630839369863,6.472374363006643,4.200554110646589,obs
C/2000 J1,174905,2000-05-05T21:49:09.696000,2000.3440140437158,2.543189067297861,2.542549614385548,obs
C/1999 N4,174906,1998-08-27T04:54:08.064000,1998.652614410959,7.1443134239051425,5.504749075210731,obs
C/1999 K5,174907,1999-05-15T10:00:32.256000,1999.3682658630137,4.99856897772043,3.255393827479367,obs
C/2000 A1,174908,2000-01-04T07:12:42.336000,2000.0090177322404,9.799994838120647,9.743100203347577,obs
C/1999 S4,174909,1999-09-27T09:32:37.824000,1999.7380757808219,4.32610221007859,0.7650889306889462,obs
C/1999 T3,174910,1999-10-03T08:05:43.584000,1999.7543487945206,5.900606353678206,5.368402641123887,obs
C/2001 B2,174911,2001-01-24T14:30:28.800000,2001.0646698630137,5.415639562571445,5.306801191155,obs
C/2001 A1,174912,2001-01-07T11:11:25.728000,2001.0177158082192,2.6988094681341037,2.406447374155417,obs
C/2001 B1,174913,2001-01-22T01:58:28.992000,2001.0577596712328,3.1819269958867027,2.928436550063644,obs
C/2000 K2,174914,2000-05-04T07:56:46.176000,2000.339702431694,2.986508541866543,2.437065547734854,obs
C/2000 S5,174915,2000-09-19T15:33:07.200000,2000.717617486339,0.9832636424922845,0.601799999999999,obs
C/1999 T2,174916,1999-07-22T08:34:08.256000,1999.554402849315,5.45820463959926,3.03740395187174,obs
C/1999 T1,174917,1999-10-09T06:31:18.336000,1999.7706075068493,5.352248866856672,1.171698738509632,obs
C/2000 W1,174918,2000-11-26T10:09:02.880000,2000.9027949453553,0.8582957429125307,0.3211811790223707,obs
C/2000 Y1,174919,2000-10-24T09:38:54.528000,2000.8125738251367,7.998428058870672,7.974763527326894,obs
C/1999 Y1,174920,1999-10-29T10:13:22.080000,1999.825824520548,5.603555999573022,3.091379336280095,obs
C/2001 K3,174921,2001-05-22T09:30:51.552000,2001.387387479452,3.0738104414265406,3.060125236534919,obs
C/2001 S1,174922,2001-08-22T14:22:50.016000,2001.639997780822,3.8130378464566705,3.74925040749981,obs
C/2000 CT54,174923,2000-01-28T11:37:49.440000,2000.0750945355192,5.581108463126036,3.155967236933745,obs
C/2000 OF8,174924,2000-07-24T07:44:11.040000,2000.5609900273223,4.558892898423078,2.172785470116767,obs
C/2001 Q1,174925,2001-07-16T06:20:09.600000,2001.537709589041,5.852590049713181,5.833969680531458,obs
C/2001 G1,174926,2000-12-28T15:51:35.712000,2000.9908765846994,8.410302067986745,8.235531131916753,obs
C/1999 U4,174927,1999-09-18T10:05:20.832000,1999.7134804931507,7.55673757356019,4.915349947775232,obs
C/2001 W1,174928,2001-10-23T12:24:15.840000,2001.8096352054795,2.4966043648023284,2.399248608862957,obs
C/2002 K2,174929,2001-06-14T07:54:23.616000,2001.4502176438357,5.455377141394067,5.235060842190226,obs
C/2001 X1,174930,2001-12-13T10:36:09.792000,2001.949155561644,1.731216999560566,1.697938381655095,obs
C/2002 B3,174931,2002-01-26T02:55:42.528000,2002.0688274520548,6.0565312585675395,6.056173983894204,obs
C/2000 WM1,174932,2000-11-16T03:28:14.304000,2000.8747120491803,5.791058224420812,0.5553478141797995,obs
C/1999 F1,174933,1999-03-13T10:24:12.672000,1999.1957081643836,9.278612322752766,5.787018611359847,obs
C/2002 E2,174934,2002-03-08T19:14:54.528000,2002.1830192328766,1.4818125580119652,1.466444662429621,obs
153P,174935,2001-08-25T08:41:39.264000,2001.6475678356164,3.3683202440460343,0.5070700896059622,obs
C/2002 H2,174936,2002-04-22T09:54:12.096000,2002.305240109589,1.6833640413755286,1.634840162720183,obs
C/2001 C1,174937,2000-04-29T06:48:37.728000,2000.3259119398906,7.236929219698665,5.104333433924516,obs
C/2002 B2,174938,2002-01-23T09:34:59.520000,2002.0613679452056,3.8956177400072605,3.84216722770415,obs
C/2002 C2,174939,2002-02-01T02:10:39.936000,2002.0851801095891,3.318924692362329,3.253748829793651,obs
C/2002 F1,174940,2002-03-20T04:31:37.632000,2002.2142154246576,0.9116890339612265,0.4382989674500229,obs
C/2002 A3,174941,2002-01-13T05:27:36,2002.0335,5.209177107134878,5.151608943805854,obs
C/2000 SV74,174942,2000-09-05T09:32:38.688000,2000.6786821584699,6.26644033196818,3.541897107687855,obs
C/2002 K1,174943,2002-05-16T13:07:58.080000,2002.371362191781,3.243762114065493,3.230234360942364,obs
C/2001 U6,174944,2001-10-29T09:28:54.912000,2001.8257399452054,4.967109486918493,4.406415633051399,obs
C/2002 Q2,174945,2002-08-26T03:27:06.912000,2002.6497091232877,1.3089465306092245,1.303021536586154,obs
C/2001 N2,174946,2001-07-11T09:07:26.688000,2001.5243292328767,4.792709196775142,2.668512572321708,obs
C/2002 O6,174947,2002-08-01T17:30:25.344000,2002.582820438356,0.9989076599295824,0.4946475045065505,obs
C/2002 O4,174948,2002-07-27T15:30:33.408000,2002.5688937534246,1.4340181827353478,0.7762086942132363,obs
C/2001 K5,174949,2001-04-30T08:20:20.544000,2001.3269793424658,6.496063495205862,5.184238705968745,obs
C/2002 Q5,174950,2002-08-28T05:14:29.760000,2002.6553928767123,1.7540211563343762,1.242966644264978,obs
C/2003 K1,174951,2003-05-23T09:04:20.064000,2003.390076739726,2.7116605252416663,2.087130139010686,obs
C/2002 U2,174952,2002-10-25T10:32:19.968000,2002.8149016986301,1.5875791913425559,1.208631908422956,obs
C/2001 RX14,174953,2001-08-28T08:04:44.832000,2001.6557167945205,5.664529389236192,2.057561789315705,obs
C/2002 X5,174954,2002-12-14T20:40:30.144000,2002.9530450958905,1.2330775786221124,0.1899344361763081,obs
C/2003 G1,174955,2003-04-08T10:52:03.648000,2003.2669940273972,4.9411149252928235,4.916288406632204,obs
C/2002 V1,174956,2002-11-06T14:18:16.128000,2002.8482082739727,2.3329137430222002,0.09925816829043009,obs
C/2003 V1,174957,2003-11-04T11:22:41.376000,2003.8423947671233,3.3554110070229246,1.783148266691973,obs
C/2003 S3,174958,2001-12-23T08:27:27.360000,2001.9763079452055,8.61256507634365,8.12952514796411,obs
C/2002 Y1,174959,2002-12-28T10:32:02.688000,2002.9902436164384,1.9874919768425794,0.7138096504647243,obs
C/2004 T3,174960,2004-10-12T16:33:49.824000,2004.7805742076503,9.403332289607004,8.864364776064013,obs
C/2003 H3,174961,2003-04-30T10:50:52.800000,2003.3272657534246,2.9021132259802624,2.901439352562599,obs
C/2003 G2,174962,2003-04-03T12:56:45.024000,2003.253532630137,1.5951705207279456,1.553361468559663,obs
C/2002 V2,174963,2001-01-03T09:16:43.104000,2001.0065386575343,8.774137035683104,6.812027016976613,obs
C/2003 H2,174964,2003-04-24T09:29:25.152000,2003.310672410959,2.19479438010201,2.178515642069911,obs
C/2002 R3,174965,2002-09-04T09:42:09.792000,2002.675080219178,4.570839085341323,3.869487826617148,obs
C/2001 HT50,174966,2001-02-23T13:28:06.816000,2001.1467429863014,8.10106437747826,2.792082873527374,obs
C/2002 X1,174967,2002-02-21T10:50:27.744000,2002.1409635890411,5.559046914136126,2.486699236177971,obs
C/2002 J5,174968,2001-08-06T09:10:49.728000,2001.5955685479453,7.866590543301661,5.726793422572542,obs
C/2002 O7,174969,2002-07-29T04:09:17.568000,2002.573077041096,5.417253087012372,0.9033220610133036,obs
C/2002 J4,174970,2002-05-04T08:16:08.256000,2002.3379302465753,5.737157379888826,3.633732312300107,obs
C/2003 J1,174971,2003-04-29T14:35:43.296000,2003.324953808219,5.272820789211983,5.12542490657736,obs
C/2003 A2,174972,2002-01-08T08:32:39.264000,2002.0201534520547,11.91858888450789,11.42700644608068,obs
C/2003 T2,174973,2003-10-13T10:39:14.688000,2003.7820381369863,1.831868273327434,1.786355990456726,obs
C/2004 HV60,174974,2004-04-22T13:28:59.433600,2004.3075458989072,3.3031105144661175,3.07407511369755,obs
C/2004 F2,174975,2004-03-25T10:32:57.984000,2004.230709180328,1.8993337775148353,1.430438482368092,obs
C/2004 H1,174976,2004-04-16T03:07:18.048000,2004.2899728688524,2.3457874692292857,2.080741850372268,obs
C/2003 L2,174977,2003-06-12T07:53:27.456000,2003.444736410959,3.5972709103106073,2.864798011325372,obs
C/2003 H1,174978,2003-04-24T09:10:50.592000,2003.3106370684932,3.966403276243861,2.239626029928125,obs
C/2003 O1,174979,2002-07-27T08:02:41.280000,2002.5680416438356,7.875541667308598,6.847361683627384,obs
C/2002 L9,174980,2002-06-06T08:52:27.264000,2002.42841030137,8.23217756355962,7.033001245932447,obs
C/2004 F4,174981,2004-04-15T21:18:05.184000,2004.2893102732241,0.17571494519361258,0.1682663784426913,obs
C/2002 T7,174982,2002-10-12T10:05:47.616000,2002.7792347671234,6.90642882863948,0.61454604345993,obs
C/2003 T3,174983,2003-10-14T13:48:00,2003.7851369863013,2.960651172832495,1.481076080593984,obs
C/2004 H6,174984,2004-05-16T09:03:59.328000,2004.3726168579235,0.7795901115638078,0.7762830467836959,obs
C/2001 Q4,174985,2001-08-24T09:43:04.224000,2001.644944958904,10.106020406313474,0.9619597853147941,obs
C/2004 DZ61,174986,2004-01-17T15:44:31.488000,2004.045507978142,2.5165595643637237,2.01333017215134,obs
C/2004 G1,174987,2004-04-09T08:44:01.824000,2004.271486092896,1.482472421006939,1.201031395336044,obs
C/2004 K3,174988,2004-05-29T08:17:40.704000,2004.4080481147541,1.218188577474807,1.103356363937897,obs
C/2004 X2,174989,2004-11-18T09:37:50.592000,2004.8808778142077,3.8680016230414056,3.793087013947935,obs
C/2004 R2,174990,2004-09-09T10:39:13.824000,2004.6897374590164,0.9260781449726601,0.1128356575522295,obs
C/2003 K4,174991,2003-05-28T09:11:14.784000,2003.403788520548,6.113810991797875,1.023616718479539,obs
C/2005 H1,174992,2005-04-30T07:44:01.536000,2005.3269102465754,4.960297992200153,4.76859650674389,obs
C/2004 Q1,174993,2004-08-22T11:00:06.624000,2004.640596748634,2.4003582637246867,2.046725463707062,obs
C/2004 U1,174994,2004-10-16T10:20:50.496000,2004.7907954644809,2.718033314959717,2.659382515367488,obs
C/2004 S1,174995,2004-09-26T06:07:27.552000,2004.7356698907104,1.539414045073886,0.6817672931188736,obs
C/2004 V13,174996,2004-12-16T03:42:05.472000,2004.9567055464481,0.26576777672753316,0.1808558884461261,obs
C/2004 Q2,174997,2004-08-27T16:56:47.904000,2004.654934726776,2.4674904679370484,1.205041519739395,obs
C/2004 YJ35,174998,2004-12-31T01:43:33.888000,2004.9974642622951,1.9501436184409284,1.781201873822886,obs
C/2004 RG113,174999,2004-08-19T09:35:21.120000,2004.6322392076502,3.0168969477027328,1.94235816159504,obs
C/2004 L1,175000,2004-06-12T06:39:43.776000,2004.4461136338798,3.8342710295988156,2.047413899087434,obs
C/2003 T4,175001,2003-10-13T10:45:10.656000,2003.7820494246575,6.540146186254602,0.8497410491703915,obs
C/2005 J2,175002,2005-01-18T06:47:57.984000,2005.0473515342467,4.333711059179783,4.287489327002505,obs
C/2005 O1,175003,2005-07-27T09:30:04.032000,2005.568207890411,3.644152122224868,3.590925619776631,obs
C/2006 A2,175004,2006-01-21T03:48:23.040000,2006.0552290410958,5.620565615516799,5.315949023009522,obs
C/2004 X3,175005,2004-12-15T11:08:01.824000,2004.9548194262295,4.652262824736114,4.402297610527497,obs
C/2005 N4,175006,2005-07-06T06:37:16.032000,2005.5103448767122,2.3041151942713944,2.30375700060342,obs
C/2004 K1,175007,2004-05-02T14:05:45.312000,2004.3349380601094,5.118050023857496,3.399147036950144,obs
C/2005 X1,175008,2005-12-07T09:50:48.192000,2005.9326309041096,3.255242235321067,2.862145123807848,obs
C/2005 L2,175009,2005-06-02T13:20:04.704000,2005.4179605753425,3.2192357503120625,3.193791900807318,obs
C/2005 P3,175010,2005-08-24T19:57:17.280000,2005.646113561644,0.6312314581254802,0.5257602319135186,obs
C/2005 N1,175011,2005-06-30T10:53:32.640000,2005.494394109589,1.40130274093693,1.125447488473938,obs
C/2005 Q1,175012,2005-08-27T10:00:34.848000,2005.6531974520549,6.408405269333458,6.408393081392679,obs
C/2004 L2,175013,2004-06-11T08:27:43.776000,2004.4435863114754,5.800070961538428,3.778628088147824,obs
C/2006 B1,175014,2006-01-27T14:56:00.672000,2006.0729376164384,3.074653241262969,2.9975913715432,obs
C/2005 K1,175015,2005-05-16T08:06:45.792000,2005.3707891232878,4.057013786870083,3.692912272378909,obs
C/2002 VQ94,175016,2001-10-27T07:36:27.936000,2001.8200465479451,11.69303708651888,6.796765402121506,obs
C/2004 B1,175017,2004-01-28T10:14:44.160000,2004.074936885246,7.735768873434397,1.601944527087644,obs
C/2004 D1,175018,2003-12-22T05:31:37.056000,2003.973233671233,7.615935549765283,4.974588909717155,obs
C/2006 A1,175019,2006-01-04T23:58:12,2006.0109554794522,1.1568359095618965,0.5553957135679075,obs
C/2005 E2,175020,2005-03-12T18:00:07.776000,2005.1938358630136,4.417089105654129,1.519578570778861,obs
C/2005 B1,175021,2004-03-18T10:39:50.976000,2004.211596557377,6.941687945746127,3.204932139446343,obs
C/2005 G1,175022,2005-03-22T11:16:46.272000,2005.22046569863,5.606064373084746,4.960798114472667,obs
C/2006 X1,175023,2006-12-11T02:59:29.760000,2006.9428072602739,6.426032556514023,6.126053537630059,obs
C/2005 R4,175024,2005-09-13T09:51:50.400000,2005.6997561643836,5.354094821833001,5.188469374797319,obs
C/2003 WT42,175025,2003-10-30T07:48:22.464000,2003.8282883835616,8.259189769618946,5.190923592801852,obs
C/2006 CK10,175026,2006-02-04T10:22:58.368000,2006.0943359452056,2.550164391104804,1.752169332975176,obs
C/2006 GZ2,175027,2006-04-07T04:21:23.328000,2006.2635110136987,3.5444294454007346,3.302594374772572,obs
C/2006 YC,175028,2006-12-16T09:59:21.408000,2006.9573047123288,5.003015628393362,4.948205263739766,obs
C/2006 M4,175029,2006-07-12T08:34:00.480000,2006.5270053424658,1.5997964738476,0.7830082351241019,obs
C/2006 HW51,175030,2006-04-23T11:41:25.440000,2006.3081838356165,2.879016940158654,2.265606064657629,obs
C/2006 O2,175031,2006-07-30T09:19:30.720000,2006.5764069863014,1.8019003596588854,1.554794333053799,obs
C/2006 L1,175032,2006-06-04T09:00:50.976000,2006.4229468219178,2.3427520224018537,1.462070013572221,obs
C/2007 JA21,175033,2007-05-11T07:12:41.472000,2007.3569876164383,5.527756293906657,5.368565480053716,obs
C/2006 L2,175034,2006-06-14T12:30:38.592000,2006.4507432328767,2.7364455851775915,1.99394705071483,obs
C/2007 D2,175035,2007-01-29T12:23:23.136000,2007.0781266849315,1.5878022583972837,1.245655690624108,obs
C/2005 YW,175036,2005-12-21T06:29:21.696000,2005.9706038082193,4.338119700393069,1.9930109110576,obs
C/2007 Q1,175037,2007-08-21T15:36:33.696000,2007.6373983287672,3.87134716433302,2.989255069843284,obs
C/2006 E1,175038,2006-03-11T17:46:37.344000,2006.191070438356,6.393796907724008,6.040608742879369,obs
C/2006 P1,175039,2006-08-07T12:28:11.712000,2006.5986837808218,3.0582795962874627,0.1707364648528884,obs
C/2006 M1,175040,2005-05-11T09:44:17.664000,2005.3572760547945,6.466950541230546,3.556199199325021,obs
C/2007 H2,175041,2007-04-19T06:09:20.736000,2007.2965931232877,1.652386810866597,1.410451992233322,obs
C/2005 EL173,175042,2005-03-03T04:30:30.240000,2005.1676379452056,7.121483474787722,3.886322837097256,obs
C/2006 K3,175043,2006-05-22T08:16:22.944000,2006.387245780822,3.9493568915815214,2.501449365739798,obs
C/2007 E2,175044,2007-03-15T17:24:00,2007.20198630137,1.1099605381756326,1.092938235617152,obs
C/2006 WD4,175045,2006-11-20T07:50:09.600000,2006.8858260273973,2.7578376741271637,0.591244392009421,obs
C/2007 K5,175046,2007-05-29T08:12:29.664000,2007.4064164657534,1.2274817496025603,1.149170994217303,obs
C/2007 K4,175047,2007-05-25T07:47:10.752000,2007.3954093972602,3.533393850792294,3.527847815489595,obs
C/2006 S2,175048,2006-09-17T04:09:59.040000,2006.7100646575343,3.855968635339973,3.161510415962655,obs
C/2007 K1,175049,2004-06-14T12:40:18.249600,2004.4522622650272,10.923082495729163,9.2390494213743,obs
C/2007 E1,175050,2007-03-13T17:15:33.696000,2007.1964907945205,1.6550409716118957,1.285862745222523,obs
C/2007 D3,175051,2007-01-25T03:29:13.056000,2007.066151479452,5.289456575682683,5.208969090396245,obs
C/2007 O1,175052,2006-05-04T05:58:25.824000,2006.3376682465753,4.765428795002953,2.876714057364892,obs
C/2007 K6,175053,2007-05-27T19:07:20.064000,2007.4021829041096,3.447836063140973,3.432981317219916,obs
C/2005 S4,175054,2005-07-27T19:07:48.576000,2005.5693070958905,7.689037254708567,5.850107621028826,obs
C/2006 K1,175055,2006-05-17T17:16:28.992000,2006.374574739726,5.600395353654215,4.425527794285569,obs
C/2006 XA1,175056,2006-12-09T04:48:48.384000,2006.937535780822,3.230259002352042,1.804375601583269,obs
C/2006 VZ13,175057,2006-11-13T03:13:55.488000,2006.8661223835616,3.8449651901839936,1.015252020867551,obs
C/2007 M3,175058,2006-11-12T02:22:17.184000,2006.8632844109588,4.366038166895354,3.468759083528654,obs
C/2007 F1,175059,2007-03-19T06:20:08.736000,2007.2116821643835,3.692656832825243,0.4023748568953251,obs
C/2006 V1,175060,2006-11-11T11:49:29.280000,2006.8616238356165,4.596473646386867,2.674903170814772,obs
C/2006 K4,175061,2006-05-18T10:48:42.336000,2006.3765766849315,5.9362999286726845,3.188616059584775,obs
C/2007 T1,175062,2007-10-09T10:03:37.152000,2007.7710114520548,1.4466693826915398,0.968502931930384,obs
C/2005 L3,175063,2004-07-16T15:46:24.672000,2004.5400470765028,10.30544244149843,5.593628166897508,obs
C/2008 H1,175064,2008-04-18T08:19:59.808000,2008.2960306557377,2.780086309814008,2.760293855655868,obs
C/2007 Y1,175065,2007-12-16T09:04:25.248000,2007.9572001917809,3.4555128548743146,3.340908507048429,obs
C/2008 J5,175066,2008-05-13T17:36:40.320000,2008.3653928961749,2.030189321670698,1.963841989419036,obs
C/2007 Y2,175067,2007-12-31T15:58:41.664000,2007.9990842739726,4.289142138399788,4.208957709060332,obs
C/2008 J6,175068,2007-08-24T08:45:23.904000,2007.6448352328766,3.324259725440236,2.003508779970767,obs
C/2008 C1,175069,2008-02-02T18:57:13.536000,2008.089589453552,1.6763762531039217,1.262346036927954,obs
C/2007 K3,175070,2007-04-18T14:21:34.848000,2007.2947899178082,4.504599767174792,2.050740116677682,obs
C/2008 L3,175071,2008-06-13T06:36:19.008000,2008.448839398907,2.1059258007188015,2.011242874571091,obs
C/2007 T5,175072,2007-10-13T10:55:31.872000,2007.7820691232878,4.436574969784489,4.049258054536288,obs
C/2007 W3,175073,2007-11-29T07:34:53.760000,2007.910454520548,2.891869046332663,1.776638458074681,obs
C/2006 U6,175074,2006-09-15T19:50:23.424000,2006.706374410959,6.484473857179805,2.498397167927447,obs
C/2008 J4,175075,2008-05-10T19:02:42.720000,2008.3573594262296,1.021548072740645,0.4492653739957159,obs
C/2007 W1,175076,2007-03-21T05:43:54.912000,2007.2170926849315,5.842088908406573,0.8496603940633058,obs
C/2006 Q1,175077,2006-08-20T17:47:28.320000,2006.634907671233,6.831036218759482,2.763712902072348,obs
C/2008 J1,175078,2008-05-02T11:03:47.808000,2008.3345928142076,1.9568742186166064,1.724293691677143,obs
C/2008 E3,175079,2008-03-05T18:40:23.520000,2008.1769892076502,5.637594883167382,5.531014597991622,obs
C/2007 U1,175080,2007-10-19T09:45:45.792000,2007.7983747397261,4.283442520867457,3.329202420804098,obs
C/2007 M1,175081,2007-06-16T17:00:00.576000,2007.4567351780822,7.92587418052067,7.474661150320466,obs
C/2007 B2,175082,2007-01-23T06:54:11.232000,2007.061062,6.032755005279084,2.974915592409739,obs
C/2006 OF2,175083,2006-06-23T09:15:32.256000,2006.4750295616439,7.885342879299964,2.431441573337458,obs
C/2008 A1,175084,2008-01-10T13:45:12.384000,2008.0261559016394,3.731659065909123,1.073074540971431,obs
C/2008 X3,175085,2008-12-04T10:43:31.296000,2008.9247182786885,2.015162225562726,1.9021174448667,obs
C/2009 F5,175086,2009-03-20T15:44:06.432000,2009.2154948767122,2.705793039883989,2.245337163803728,obs
C/2007 G1,175087,2007-04-10T09:06:25.344000,2007.2722724931507,6.14797902121009,2.646214378044024,obs
C/2007 M2,175088,2007-06-20T04:28:24.960000,2007.466264109589,5.842054355179528,3.541045914231915,obs
C/2008 Q1,175089,2008-08-18T19:31:38.496000,2008.6306383606557,3.2400330996498994,2.959143532739588,obs
C/2007 N3,175090,2007-07-11T18:41:17.088000,2007.5254210136986,6.383702093771796,1.212258533074899,obs
C/2008 G1,175091,2008-04-07T08:31:56.928000,2008.2659986885246,4.63683012690615,3.989818334112558,obs
C/2009 B2,175092,2009-01-29T11:22:23.232000,2009.078010630137,2.3624550077705173,2.327611643883904,obs
C/2010 D4,175093,2008-06-06T07:29:17.664000,2008.4298142349726,7.371627825026831,7.148208572698182,obs
C/2009 E1,175094,2009-03-14T09:57:43.776000,2009.1983975068492,0.7972779694730333,0.5997215797495478,obs
C/2009 G1,175095,2009-04-09T19:01:20.640000,2009.2706646575343,1.1339762769535604,1.128742019379714,obs
C/2009 F6,175096,2009-04-06T04:59:06.144000,2009.260843041096,1.3590926208564884,1.274158999145848,obs
C/2008 T2,175097,2008-10-01T03:52:06.816000,2008.7490742896175,3.6035940123523096,1.202208126712226,obs
C/2009 K4,175098,2009-05-27T03:34:10.272000,2009.400407479452,1.5805500173561065,1.548874694286783,obs
C/2008 Q3,175099,2008-08-27T15:20:12.192000,2008.6547514480874,3.914713023735608,1.798228978746974,obs
C/2009 F1,175100,2009-03-16T10:21:07.776000,2009.203921479452,2.2199452522872907,1.830683486208616,obs
C/2006 W3,175101,2006-10-29T10:11:22.848000,2006.825820739726,8.791100908007444,3.126233019657879,obs
C/2008 P1,175102,2008-08-13T17:22:00.768000,2008.6167312021857,4.875639162491457,3.896110850956011,obs
C/2008 N1,175103,2008-07-01T07:50:03.552000,2008.4981596448088,5.1431902323054475,2.783511256988053,obs
C/2007 Q3,175104,2010-02-16T11:11:35.232000,2010.1273051506848,2.7000928978328953,2.251688471276749,obs
C/2009 T1,175105,2009-10-09T17:58:33.600000,2009.7719150684932,6.220417146230784,6.220409381473258,obs
C/2010 E1,175106,2010-03-11T13:42:54.144000,2010.190606739726,2.951820431757007,2.662196801154881,obs
C/2010 F1,175107,2010-02-20T06:00:14.688000,2010.1376716986301,3.6977849452494795,3.587530040704582,obs
C/2009 F2,175108,2009-03-19T13:48:00.864000,2009.2125342739726,6.11056539681385,5.875026134709112,obs
C/2009 O4,175109,2009-07-30T08:58:54.336000,2009.576367780822,3.0432082841842614,2.563789224081408,obs
C/2009 T3,175110,2009-10-14T10:20:31.488000,2009.7847422465754,2.4958382892155027,2.281140242536718,obs
C/2010 J1,175111,2010-05-06T09:08:32.352000,2010.3435093972603,2.047132642093139,1.695658122071553,obs
C/2009 K2,175112,2009-05-18T07:59:19.968000,2009.3762544383562,4.081793074110549,3.246175989332667,obs
C/2009 P2,175113,2008-10-01T09:07:11.136000,2008.749672103825,7.334489198004487,6.543972532527065,obs
C/2010 L4,175114,2010-06-15T10:56:56.284800,2010.4533046767124,3.0379894720143144,2.825535958470039,obs
C/2009 U3,175115,2009-10-20T06:50:51.648000,2009.80078169863,2.4807996243559898,1.414424588668167,obs
C/2009 O2,175116,2009-07-27T07:09:58.176000,2009.5679413424657,3.6737741019228896,0.6955471344323615,obs
C/2010 G1,175117,2010-04-05T02:53:13.920000,2010.2578638356165,1.2052150585733565,1.204547141369098,obs
C/2010 E3,175118,2010-01-04T12:31:16.608000,2010.0096485479453,2.490503881610029,2.269054650088048,obs
C/2010 F4,175119,2010-03-26T19:22:48,2010.2323493150684,0.6538272492108398,0.6138264939977027,obs
C/2010 G3,175120,2009-03-28T12:02:43.987200,2009.2369915013699,5.69929361896353,4.907655371472224,obs
C/2007 VO53,175121,2007-10-20T09:07:31.872000,2007.8010417260275,8.313608738393366,4.842734567608385,obs
C/2009 K5,175122,2009-05-27T14:31:37.056000,2009.401658328767,4.3529929099861375,1.422401377065127,obs
C/2009 W2,175123,2008-12-22T07:10:53.472000,2008.9734951639343,7.618386849071004,6.90713369547101,obs
C/2010 J4,175124,2010-05-12T05:52:40.224000,2010.3595750958905,1.095796219646059,1.085532677520908,obs
C/2010 DG56,175125,2010-02-18T00:01:30.720000,2010.1315097260274,1.9596322163501603,1.591451433561356,obs
C/2010 J2,175126,2010-05-08T18:02:49.344000,2010.350005369863,3.395797115491809,3.386996133687951,obs
C/2010 H1,175127,2010-02-19T16:58:08.256000,2010.1361836712329,3.0074904689990043,2.745494405607949,obs
C/2009 R1,175128,2009-07-20T16:47:10.752000,2009.5498614520548,5.062599642448131,0.4050868943926803,obs
C/2010 D3,175129,2010-02-24T00:12:10.944000,2010.1479683835616,4.536383551808957,4.247541849359064,obs
C/2008 FK75,175130,2008-03-31T08:44:08.736000,2008.246896147541,8.239309712775285,4.510895282168263,obs
C/2010 A4,175131,2010-01-12T17:18:52.416000,2010.0321135342465,3.838015702122127,2.737995549463117,obs
C/2010 KW7,175132,2010-05-16T01:32:22.560000,2010.3700387671233,3.0006269736641893,2.570441622259956,obs
C/2010 FB87,175133,2010-03-28T05:16:34.176000,2010.236218739726,3.6097906711199417,2.842763152599134,obs
C/2010 L3,175134,2010-06-15T07:17:00.672000,2010.4528862465754,9.916109426376325,9.882906994009696,obs
C/2010 M1,175135,2010-05-18T13:46:31.094400,2010.376914989041,8.072700807516792,7.977048459608634,obs
C/2009 UG89,175136,2009-10-22T02:27:31.680000,2009.8057601369862,5.299909581024337,3.931171206981027,obs
C/2011 L6,175137,2011-05-28T06:11:25.152000,2011.4034463835617,6.838068558865232,6.787628639215751,obs
C/2009 Y1,175138,2009-12-17T12:21:31.680000,2009.960314931507,4.7897377784903075,2.520494547785312,obs
C/2010 B1,175139,2010-01-19T05:20:21.408000,2010.0499245753424,4.693706711004751,2.941486898027361,obs
C/2011 C3,175140,2011-02-12T12:03:23.040000,2011.1164447945205,1.6903047415452315,1.516894581976452,obs
C/2011 C1,175141,2011-02-12T10:48:42.336000,2011.1163027123287,1.4262748779000265,0.8833783523685972,obs
C/2011 K1,175142,2011-05-26T06:07:30.144000,2011.397959479452,3.3919577386278665,3.376629209638878,obs
C/2012 E3,175143,2012-03-14T14:20:30.048000,2012.2010862568306,4.64067107329737,3.827318559353372,obs
C/2008 S3,175144,2006-12-27T04:09:07.200000,2006.9867753424658,12.370023738682235,8.017919200149057,obs
C/2011 Q1,175145,2011-08-17T07:40:26.400000,2011.6255335616438,6.787727161926458,6.780085405768498,obs
C/2012 E1,175146,2012-03-05T11:05:36.672000,2012.1761263114754,7.658615293904669,7.502903883059695,obs
C/2011 L3,175147,2011-06-03T18:25:32.736000,2011.421281479452,2.096838330904893,1.923845534598865,obs
C/2010 G2,175148,2011-11-26T07:31:47.136000,2011.9022294246574,2.22806098557413,1.980773857555262,obs
C/2011 M1,175149,2011-06-24T10:31:54.912000,2011.4779146027397,1.5652327406045698,0.8957526051155204,obs
C/2010 X1,175150,2011-03-01T07:27:28.800000,2011.1624952054794,3.266165780217795,0.4824207940167428,obs
C/2011 G1,175151,2011-04-06T15:55:35.040000,2011.2620920547945,2.844964826782963,2.155141635981529,obs
C/2011 Q4,175152,2011-09-04T09:10:25.536000,2011.6750198356165,1.1441639352202053,1.112227416706415,obs
C/2011 N2,175153,2011-07-04T11:00:31.680000,2011.5053663013698,2.802639143165995,2.563359894667371,obs
C/2011 L2,175154,2011-06-02T18:48:36.864000,2011.4185856438355,2.6583608547487194,1.943448904548063,obs
C/2012 KA51,175155,2012-05-22T03:57:04.896000,2012.388427978142,5.13878488624459,4.895431339624821,obs
C/2012 B3,175156,2012-01-29T04:25:44.256000,2012.0770069398907,3.569981261678018,3.536536414914726,obs
C/2009 S3,175157,2009-09-24T03:53:22.848000,2009.729211150685,8.387818275423635,6.474514637878233,obs
C/2011 W3,175158,2011-11-27T16:54:21.024000,2011.9060394794521,0.7581595068125283,0.005553814151232848,obs
C/2011 A3,175159,2011-01-16T09:26:58.272000,2011.0421746027398,4.212167462694111,2.344841359159311,obs
C/2009 P1,175160,2011-07-26T09:07:11.136000,2011.565424630137,2.5079382601751576,1.550535584223489,obs
C/2009 F4,175161,2009-03-19T16:23:40.704000,2009.2128304383561,8.954337767818345,5.454872912434871,obs
C/2011 Q2,175162,2011-08-26T09:37:47.136000,2011.6504143561644,2.433342407257199,1.349560902203217,obs
C/2012 F1,175163,2012-03-16T06:42:29.664000,2012.2056817213115,2.565913855344403,2.550933607818484,obs
C/2012 C2,175164,2012-02-11T03:18:32.832000,2012.1123985792349,0.9873978003111954,0.8023137706433678,obs
C/2006 S3,175165,2006-08-29T07:23:31.200000,2006.6583780821918,14.423750254385121,5.131152289534899,obs
C/2013 L2,175166,2013-06-02T07:08:41.280000,2013.4172539726028,5.708437851152562,4.872285271080254,obs
C/2010 R1,175167,2010-09-04T03:30:48.096000,2010.6743736712328,7.153575910053218,5.621417633849625,obs
C/2011 U3,175168,2011-10-24T13:03:07.776000,2011.8124488767123,3.3086571473707136,1.071437247480918,obs
C/2012 L3,175169,2012-06-11T10:30:41.472000,2012.4438196174863,3.045039877745601,3.045029464598844,obs
C/2011 UF305,175170,2011-07-25T07:38:23.712000,2011.5625159726028,4.445328097895994,2.138211981833665,obs
C/2011 O1,175171,2011-05-23T11:59:47.040000,2011.3904105479453,5.4469999259856605,3.890652677082244,obs
C/2012 CH17,175172,2012-02-02T08:49:19.776000,2012.0884360382513,3.40725372155381,1.296093483069156,obs
C/2012 T4,175173,2012-04-21T14:48:02.880000,2012.3049636612022,2.8203003211421622,1.95599650627818,obs
C/2011 R1,175174,2010-10-11T08:10:58.080000,2010.7762765753425,7.46919305361238,2.07957108377623,obs
C/2012 A2,175175,2011-04-02T05:23:25.440000,2011.249930410959,6.124117049298381,3.537474521666916,obs
C/2012 K5,175176,2012-05-06T13:53:31.776000,2012.3458438251366,3.0943098176323596,1.141810998978076,obs
C/2013 J5,175177,2012-05-12T12:01:01.344000,2012.3620237978141,5.148291141442998,4.905908854865425,obs
C/2013 F1,175178,2013-03-24T08:42:20.736000,2013.2256513424657,2.3170691691241365,1.859992455482002,obs
C/2012 OP,175179,2012-07-16T14:55:54.624000,2012.5399512568306,3.8240755007964182,3.60707075470781,obs
C/2013 G2,175180,2013-04-08T17:11:16.224000,2013.2677155068493,2.58099711324173,2.154122131383129,obs
C/2012 J1,175181,2012-05-13T10:37:24.960000,2012.3645974043716,3.7293558776565376,3.158710755121596,obs
C/2012 L1,175182,2012-06-03T05:57:37.440000,2012.421443579235,3.199242777181913,2.262410000030632,obs
C/2011 F1,175183,2011-03-18T10:27:33.984000,2011.2094131780823,6.985337889103258,1.818879458128998,obs
C/2012 Y1,175184,2012-12-18T06:16:43.104000,2012.9624634153006,2.0488504547008737,2.016200871477807,obs
C/2012 C1,175185,2012-02-05T13:32:01.824000,2012.0971691530056,5.595737291488071,4.837975154766315,obs
C/2015 K7,136992,2015-05-17T09:45:54.432000,2015.3737174794521,10.223893361452157,9.943020720029198,obs
C/2013 J3,175186,2013-05-08T13:14:32.064000,2013.3494568767123,4.039954383484316,3.988691614120003,obs
C/2012 T5,175187,2012-10-17T11:23:55.680000,2012.7936474043715,2.535580757590982,0.322825502558134,obs
C/2013 E2,175188,2012-03-15T07:16:22.656000,2012.203013770492,4.541667004415946,1.41332182935946,obs
C/2011 L4,175189,2011-06-22T04:27:37.440000,2011.4717420547945,7.7706792292926306,0.3015442238164768,obs
C/2012 F6,175190,2013-06-19T10:33:59.328000,2013.4642199178081,1.7214341552857577,0.7312382532220438,obs
C/2013 J6,175191,2013-05-09T08:58:11.136000,2013.3517088767123,2.4371827399248343,2.415721323964017,obs
C/2013 F2,175192,2012-12-28T14:06:30.672000,2012.9906771994536,6.265153362356185,6.217862421942114,obs
C/2012 L2,175193,2012-06-01T08:59:57.408000,2012.4163250546449,4.359966142688171,1.508544861358737,obs
C/2013 H1,175194,2013-04-19T02:35:32.928000,2013.2961863561643,2.666330566306083,2.646966062826507,obs
C/2010 S1,175195,2010-09-21T08:39:41.760000,2010.7215367123288,8.853660665136545,5.899919327718969,obs
C/2012 K6,175196,2012-04-20T23:33:56.160000,2012.3032292349726,4.8986410804846905,3.35303220900968,obs
C/2013 F3,175197,2013-03-29T18:11:13.920000,2013.2404323287672,2.3430646101320978,2.252615171232545,obs
C/2013 K1,175198,2013-05-18T10:55:23.232000,2013.3765893972602,0.9702551055527581,0.9482633061732122,obs
C/2013 E1,175199,2012-04-02T15:27:50.976000,2012.2531266120218,8.228916431842853,7.781629632021834,obs
C/2012 S4,175200,2012-09-28T21:17:30.624000,2012.7428610928962,4.883575841900937,4.348728415231951,obs
C/2013 B2,175201,2013-01-16T05:36:43.776000,2013.0417365479452,4.014281756204525,3.734134526326589,obs
C/2012 V1,175202,2012-09-02T13:33:31.680000,2012.6709424863388,4.10175132805295,2.089202408402069,obs
C/2013 G6,175203,2013-04-13T11:25:04.800000,2013.280755479452,2.3817366022221163,2.048498822908568,obs
C/2013 S1,175204,2013-09-28T09:24:27.072000,2013.7407999452055,2.8826489886867606,2.824322888207647,obs
C/2012 V2,175205,2012-11-07T05:41:19.392000,2012.8503743989072,3.8026793578396108,1.454755746792016,obs
C/2013 N4,175206,2013-07-08T23:41:06.432000,2013.5177722739727,1.3806647415764421,1.21040462585708,obs
C/2012 S3,175207,2012-09-27T19:35:47.328000,2012.7399358469945,4.241389532407319,2.308065988634098,obs
C/2013 G5,175208,2013-04-07T13:44:25.728000,2013.2645822465754,2.4662455240040355,0.9289187727550069,obs
C/2013 O3,175209,2013-07-24T15:34:45.696000,2013.5606825753425,3.212576354760982,3.180103545760106,obs
C/2014 F1,175210,2014-03-29T11:21:23.616000,2014.2396525753425,3.8455655502071058,3.496337214644849,obs
C/2014 S1,175211,2014-01-14T03:57:18.979200,2014.0360679534247,8.150157597127508,8.13734111123965,obs
C/2014 G1,175212,2013-04-17T14:41:24.576000,2013.2920879178082,5.666899756670237,5.468635919705408,obs
C/2012 S1,175213,2012-09-25T11:19:05.376000,2012.7335289344262,6.250666290792705,0.01246672509220626,obs
C/2012 A1,175214,2012-01-02T10:52:23.520000,2012.0039700819673,8.73507984226962,7.604434452614377,obs
C/2013 PE67,175215,2014-04-09T10:03:36.288000,2014.2696415616438,2.3610794740598067,1.84707194854103,obs
C/2013 R1,175216,2013-10-30T09:34:00.768000,2013.828489369863,1.2650735492664364,0.8118255757863039,obs
C/2011 J2,175217,2014-10-02T10:39:16.416000,2014.7519012054795,4.286660101069479,3.443446474818716,obs
C/2014 C3,175218,2014-02-14T17:02:00.672000,2014.122492410959,1.8967735107335575,1.862025414436991,obs
C/2013 H2,175219,2013-04-22T07:17:19.680000,2013.3049416438357,7.69605439409728,7.498742730262731,obs
C/2015 R3,3058,2013-03-05T07:56:46.867200,2013.1735098575343,5.567602073174463,4.9028709,api
C/2013 P2,175220,2013-07-26T12:27:38.016000,2013.565806,3.5029373906192354,2.834924519556432,obs
C/2014 C2,175221,2014-01-31T04:24:12.672000,2014.0826944657533,0.6648283015011671,0.5123404929128847,obs
C/2012 X1,175222,2012-12-09T08:08:04.416000,2012.9380845355192,5.192681319823987,1.59891007410995,obs
C/2014 W3,175223,2014-11-18T11:11:08.448000,2014.880728958904,6.340482984282573,6.066200246160525,obs
C/2013 G7,175224,2012-05-21T06:06:10.656000,2012.3859406830602,6.908521891138802,4.677407087165468,obs
C/2014 H1,175225,2014-04-24T10:00:08.064000,2014.3107308493152,2.1415200564400196,2.138899189903828,obs
C/2013 V1,175226,2013-11-04T09:13:00.192000,2013.8421480273973,2.6980422771615635,1.660846320128432,obs
C/2013 Y2,175227,2013-12-30T12:18:08.640000,2013.9959249315068,2.748420143311549,1.919085233379467,obs
C/2014 M3,175228,2014-06-26T09:36:38.880000,2014.4832889041095,2.434750362948006,2.434266815462506,obs
C/2015 J1,1493,2015-05-14T08:03:35.712000,2015.3653036438357,6.417938630720848,6.0212079,api
C/2014 E2,175229,2014-03-13T01:26:12.768000,2014.1946845753425,2.083583340707015,0.6639164806301531,obs
C/2012 U1,175230,2012-10-17T09:21:12.672000,2012.7934145628415,6.96514820428001,5.263903477331076,obs
C/2013 UQ4,175231,2013-10-23T08:49:20.640000,2013.8092263013698,3.6160904350878997,1.080974935574438,obs
C/2014 QU2,175232,2014-08-16T14:14:23.712000,2014.623543369863,2.2648824342474434,2.223309474906385,obs
C/2014 S3,175233,2014-09-22T12:35:01.248000,2014.7247241643836,2.1038592674668446,2.049265236176403,obs
C/2012 K8,175234,2012-05-30T08:18:10.080000,2012.410781284153,8.394802572088453,6.463005008005234,obs
C/2012 K1,175235,2013-12-31T12:35:48.768000,2013.9986982739726,3.4873317438698885,1.054597098294,obs
C/2014 U3,175236,2014-02-24T07:01:36.537600,2014.1487473534246,3.243705657701522,2.555822066195892,obs
C/2013 V5,175237,2013-11-12T03:34:46.560000,2013.8634223287672,4.59912726995251,0.6255855185279982,obs
C/2014 N2,175238,2014-07-02T13:09:51.264000,2014.5001329041095,2.457069820493069,2.18440150645131,obs
C/2015 K1,1477,2015-05-17T03:21:38.592000,2015.3729863835617,3.3974168559944293,2.5564472,api
C/2013 V2,175239,2012-11-17T07:13:36.768000,2012.8778719125683,6.871497890208358,3.507922974318053,obs
C/2014 R4,175240,2014-08-20T23:26:07.872000,2014.635552,1.9780193752012472,1.817966329414966,obs
C/2013 A1,175241,2012-10-04T14:13:26.688000,2012.7584499180327,7.925017907251116,1.399764990633582,obs
C/2015 D4,86,2015-02-23T02:30:35.712000,2015.145492,2.105090949998601,0.8615122,api
C/2013 G3,175242,2013-04-10T10:07:11.424000,2013.272388109589,6.200834806850352,3.852198309719482,obs
C/2014 R1,175243,2014-09-05T01:16:59.808000,2014.676858821918,1.7281514987067113,1.345431299228065,obs
C/2013 P3,175244,2013-09-01T07:37:06.816000,2013.6666231232878,9.033835815274854,8.646522003821483,obs
C/2014 L5,175245,2013-10-12T10:15:06.624000,2013.7792524931506,6.810971080219963,6.203168878614375,obs
C/2014 F2,175246,2013-06-19T09:18:36.288000,2013.4640764931507,6.173436365118992,4.314459050488524,obs
C/2014 Q6,175247,2014-08-31T08:22:40.512000,2014.6639700821918,4.355908559206639,4.222706508801465,obs
C/2013 G9,175248,2013-04-09T08:51:02.592000,2013.2695035068493,7.095856546587533,5.337621413733156,obs
C/2014 Q2,175249,2014-07-01T18:41:17.088000,2014.4980237534246,3.1274729811271236,1.290358238881392,obs
C/2014 G3,175250,2014-04-10T13:01:05.952000,2014.2727189863015,5.205286013565073,4.697983289061335,obs
C/2014 AA52,175251,2014-01-04T14:02:15.360000,2014.0098216438357,4.932313276048473,2.002638068555632,obs
C/2015 C2,102,2015-02-25T09:25:45.696000,2015.1517613424658,0.7262354135268563,0.7113684,api
C/2015 F3,175252,2015-03-24T02:38:02.400000,2015.224958219178,0.8788477490590153,0.8344379472121506,obs
C/2014 N3,175253,2014-07-04T12:33:50.400000,2014.5055438356164,4.447624352659472,3.882230903759567,obs
C/2014 W6,175254,2014-11-20T12:21:04.032000,2014.8863414520547,3.2965275409311117,3.087625389123661,obs
C/2014 XB8,175255,2014-12-15T08:56:06.720000,2014.9544446575342,3.2034239344560427,3.010274441406517,obs
C/2012 F3,175256,2012-01-19T11:29:15.360000,2012.050488114754,9.931834147303178,3.45693941739493,obs
C/2015 F2,675,2015-03-23T07:02:09.888000,2015.2227210136987,1.3326839329406852,1.2105523,api
C/2015 K4,1857,2015-05-24T11:14:48.768000,2015.3930647123289,2.0264859389222214,2.0077091,api
C/2015 LC2,175257,2015-06-07T08:09:18.720000,2015.4310679452055,5.897669986676983,5.892045829085687,obs
C/2015 M1,2140,2015-06-20T10:50:32.928000,2015.4669911506849,2.1340085749159203,2.0915849,api
C/2015 G2,975,2015-03-30T03:21:54.144000,2015.2414800273973,1.2758130501282363,0.7815931,api
C/2015 K2,1462,2015-05-18T08:02:07.584000,2015.3762597534246,1.4868046834612136,1.4552421,api
C/2016 A5,4814,2016-01-09T11:45:38,2016.0231967845577,3.521749374047289,2.948405,obs
C/2014 Q1,175258,2014-08-16T13:08:20.544000,2014.6234176986302,4.892807230202701,0.3145717432769556,obs
C/2015 P3,2553,2015-08-09T09:11:53.664000,2015.6037897534247,0.7590280860087528,0.7152153,api
C/2015 F4,791,2015-03-27T05:04:28.416000,2015.233456,2.403744892212037,1.6403559,api
C/2015 M3,2233,2015-06-29T10:18:52.128000,2015.491588410959,3.592270560605898,3.5541175,api
C/2014 M1,175259,2014-06-24T11:44:33.792000,2014.4780528219178,6.3730485497469775,5.5766950335018,obs
C/2015 A2,175260,2014-12-02T09:04:41.664000,2014.9188445479451,5.646017979905154,5.2667846418942,obs
C/2014 A4,175261,2014-01-12T00:41:07.584000,2014.0302152328768,6.397351653710038,4.180179913894354,obs
C/2014 W8,175262,2014-11-12T11:30:10.656000,2014.8643268219178,5.460641488229072,4.898630156873998,obs
C/2013 V4,175263,2013-11-11T08:06:24.192000,2013.8611993972602,7.26179387438186,5.185419335502647,obs
C/2016 A6,4903,2016-01-13T10:39:50,2016.0340008980975,2.514607653285823,2.4015899,obs
C/2013 US10,58667,2013-10-31T03:52:41.376000,2013.8305796986301,8.309940439162586,0.8244693,obs
C/2015 V3,3753,2015-11-02T06:32:05.856000,2015.8363624383562,4.239102602707933,4.2349805,api
C/2014 S2,175264,2014-09-02T10:48:41.472000,2014.6697273424656,5.249747733805853,2.100642710665925,obs
C/2014 Y1,175265,2014-11-17T13:17:01.536000,2014.878228739726,4.960414421934184,2.240976152949842,obs
C/2016 KA,175266,2016-05-16T09:53:08.160000,2016.3727101092895,5.456079350948158,5.400480100906235,obs
C/2016 E2,6079,2016-03-15T10:35:13,2016.203391045588,1.2400969885307291,1.07392,obs
C/2014 W5,175267,2014-10-04T11:34:15.168000,2014.757485260274,5.427433679952962,2.398526563086636,obs
C/2014 W10,175268,2013-11-24T06:58:44.169600,2013.8966870931506,9.14281617784912,7.656556502362379,obs
C/2016 C1,15369,2017-03-02T05:59:36.672000,2017.1650677534246,8.751116071566832,8.4629182,obs
C/2014 W2,175269,2014-10-24T09:06:58.176000,2014.811999561644,5.521674415742582,2.670188876150907,obs
C/2016 J2,7023,2016-05-06T05:48:00,2016.3449225865209,1.5555021788502927,1.5183049,obs
C/2015 WZ,175270,2015-10-25T11:16:01.257600,2015.814984819178,2.7072514386826065,1.376637801426724,obs
C/2016 C2,5441,2016-02-11T07:41:44,2016.1128979457599,1.8090492538106384,1.5597633,obs
C/2013 X1,6758,2016-01-08T18:02:00.096000,2016.0211786612022,1.9770590938172512,1.3150402,obs
C/2015 D3,100,2013-04-08T14:00:27.360000,2013.2673524657534,10.488474704604362,8.148305,api
C/2015 B2,333,2015-01-06T13:03:38.016000,2015.0151895616439,5.479208351668303,3.3693027,api
C/2015 Y1,4525,2015-12-16T10:19:47,2015.957343575596,2.9817258209164255,2.5150231,obs
C/2015 W1,4474,2015-12-14T09:48:30,2015.9518046042617,2.687814451414626,,obs
C/2017 E5,15009,2017-02-09T13:19:14.592000,2017.1083699452054,3.4035350642554896,1.7876766,obs
C/2015 T4,3534,2015-10-14T12:48:48.096000,2015.7850243561643,3.5116676221947136,2.296455,api
C/2018 S3,93062,2018-09-22T09:14:41.107200,2018.7243430082192,8.153247159642282,7.998560459960908,obs
C/2016 K1,7224,2016-05-31T09:59:51,2016.413706454918,2.3466850947727327,2.2952953,obs
C/2015 X7,4490,2015-12-12T11:15:29,2015.9464906456114,4.215205890058323,3.6857934,obs
C/2014 R3,175271,2014-09-06T07:53:07.584000,2014.680352219178,8.508992144666276,7.275645747980645,obs
C/2015 TQ209,3642,2015-10-10T07:53:46.464000,2015.7735041369863,4.206180043806387,1.4129633,api
C/2016 A8,4944,2016-01-14T03:16:19,2016.0358916148048,3.2166311321042587,1.8892486,obs
C/2015 H2,1355,2014-05-19T06:42:49.536000,2014.3788486027397,7.975649813681117,4.9697873,api
C/2016 R3,8796,2016-09-11T01:36:08,2016.694171473386,0.8419422905695174,0.4472754,obs
C/2016 B1,5058,2016-01-21T08:12:21,2016.0555789883122,4.360255975666831,3.2063693,obs
C/2014 OE4,175272,2014-05-08T11:22:02.496000,2014.349242849315,8.865239427785717,6.244382909146505,obs
C/2016 T2,9279,2016-10-10T02:55:43,2016.77355744662,2.1434311581897822,1.9079806,obs
C/2017 D5,14466,2017-02-10T07:47:38.400000,2017.1104787671234,2.190893585287378,2.1598312,obs
C/2016 U1,9526,2016-10-21T07:01:21,2016.8040781534608,1.8564459405123765,0.3191694,obs
C/2017 C2,13848,2017-02-04T06:11:32.928000,2017.0938575890411,2.429163871295731,2.4246091,obs
C/2017 A3,12116,2017-01-05T11:00:08.352000,2017.0122148767123,3.855180322077348,3.8493389,obs
C/2016 T1,9129,2016-10-06T02:14:21,2016.7625499962053,2.6498345287529395,2.2999529,obs
C/2016 VZ18,175273,2017-03-01T19:09:26.208000,2017.163830739726,0.9157938478897351,0.9102659132704619,obs
C/2017 E1,14844,2017-03-01T02:29:49.056000,2017.1619288767124,1.147066946087363,0.9006646,obs
C/2017 G3,17022,2017-04-07T13:47:34.944000,2017.2645882465754,2.5907091988089554,2.5892252,obs
C/2017 E4,15402,2017-03-09T16:25:39.072000,2017.185436931507,1.1016847799752703,0.493925,obs
C/2017 D3,14505,2017-02-10T15:31:20.928000,2017.1113610136986,5.00818927381892,4.974018,obs
C/2017 M3,19039,2017-06-20T07:03:43.200000,2017.466559589041,4.675821784626554,4.6571638,obs
C/2015 ER61,17082,2015-01-21T13:32:41.568000,2015.056340739726,8.84983687961263,1.0429367,obs
C/2017 A1,11771,2017-01-02T07:59:31.632000,2017.0036520684932,2.7264813086376756,2.2921492,obs
C/2015 T2,4015,2015-10-09T00:00:00,2015.7698630136986,7.901450928734121,6.9350139,first_obs_used
C/2017 S7,23155,2017-09-26T11:09:35.136000,2017.7355205205479,7.606749596756396,7.55346068095182,obs
C/2016 E1,5778,2016-03-03T13:03:27,2016.1708854166666,8.629250238402966,8.1798533,obs
C/2017 E3,15261,2017-03-07T12:39:05.760000,2017.179526438356,5.974256646748754,5.9382582,obs
C/2015 V2,3768,2015-11-06T09:08:53.952000,2015.847619671233,6.451247623140221,1.638722,api
C/2017 D2,14493,2017-02-23T07:22:48.864000,2017.1460479726027,2.9137515402608263,2.4862245,obs
C/2018 F3,31763,2018-03-20T06:23:56.832000,2018.2144291232876,3.382768292269744,2.4831716,obs
C/2017 U2,24660,2017-09-08T06:46:49.728000,2017.6857055342466,6.706645673405543,6.7062537,obs
C/2015 VL62,5067,2016-01-23T07:06:04,2016.0609177039062,6.112760656733941,2.7174277,obs
C/2017 Y1,27983,2017-12-24T13:46:38.784000,2017.9796549589041,3.851589673215475,3.7124219,obs
C/2016 T3,9303,2016-10-10T09:07:15,2016.7742623899514,4.229060805769221,2.6495577,obs
C/2014 B1,175274,2014-01-28T02:31:01.632000,2014.0742599452055,11.972674168973501,9.55668049506599,obs
C/2016 N4,7875,2016-07-15T03:29:30,2016.535916628719,4.652529409952054,,obs
C/2017 O1,19846,2017-07-19T07:42:01.958000,2017.5460845369737,1.9170488833001325,1.4945796,obs
C/2016 A1,29141,2018-01-15T08:55:52.896000,2018.0393757260274,1.7028797059127914,,obs
C/2017 F2,16629,2017-03-31T09:48:48.096000,2017.2449558630137,7.1083382268876285,6.9318153,obs
C/2017 F1,15777,2017-03-20T04:36:20.160000,2017.2142243835617,4.943758037663908,4.4963311,obs
C/2017 P2,20626,2017-08-14T06:10:59.232000,2017.6171441917809,2.7570538312305586,2.462149,obs
C/2015 V1,3750,2015-11-02T14:30:44.352000,2015.8372730958904,7.410530304931341,4.269574,api
C/2018 E2,31331,2018-03-12T22:14:13.056000,2018.1943192876713,3.8547970694854103,,obs
C/2015 X5,4300,2015-12-06T13:17:14,2015.9302839294774,8.373561228068604,6.7989537,obs
C/2017 K6,18730,2017-05-29T07:31:40.224000,2017.4063387945205,3.22228806677307,1.9979394,obs
C/2015 O1,2373,2015-06-15T10:00:06.336000,2015.4531965479453,5.963678846548573,,api
C/2017 T1,23641,2017-09-28T14:25:17.760000,2017.741372328767,2.5700787592938914,0.573298545736803,obs
C/2017 S6,23479,2017-09-30T09:56:13.056000,2017.7463398356165,2.4942022425137247,1.5438657,obs
C/2018 R4,37010,2018-09-09T06:28:11.712000,2018.6884098082191,2.9005725004176064,1.7097361,obs
C/2017 K1,18416,2017-05-21T09:36:09.504000,2017.3846578356165,7.356315934509312,,obs
C/2018 B1,29837,2018-01-25T03:27:12.096000,2018.0661476438356,5.13865047054612,5.1159283,obs
C/2018 E1,31250,2018-03-14T10:17:36.960000,2018.1984353424657,2.7244199668558844,2.7024241,obs
C/2015 XY1,175275,2015-12-04T12:25:51.744000,2015.924706739726,9.526279416250057,7.927954272333139,obs
C/2016 R2,8705,2016-08-30T15:00:19,2016.6629104369056,6.360415928823927,2.6012285,obs
C/2018 EF9,175276,2018-03-09T07:08:51.648000,2018.184377589041,1.857718572553586,1.55663257903246,obs
C/2018 C2,33680,2018-05-31T09:48:56.736000,2018.4120794246576,1.731909059721893,,obs
C/2017 M5,19171,2017-06-25T13:11:23.712000,2017.4809577534247,6.4586008573042735,5.9938842,obs
C/2016 N6,7842,2016-06-27T09:42:42,2016.4874444064967,7.332952091003405,2.6658599,obs
C/2017 T3,24468,2017-10-22T06:20:02.688000,2017.806202520548,3.93468607015232,0.8251273,obs
C/2018 N1,34727,2018-06-29T14:03:40.032000,2018.492016109589,1.3999174455195602,1.3085789,obs
C/2016 M1,7548,2016-06-22T11:12:09.792000,2016.4739529508197,7.70508876776326,2.2138896,api
C/2017 S3,22582,2017-08-17T07:41:26.880000,2017.625535479452,5.405904433131963,0.2084724,obs
C/2019 Q3,53158,2019-08-29T05:55:28.704000,2019.6582105753425,7.6319700616577055,7.2508759,obs
C/2019 G4,175277,2019-04-09T05:54:08.352000,2019.2691669315068,6.041108641331722,5.864732640993684,obs
C/2017 U4,25110,2017-10-27T13:57:55.296000,2017.82077230137,7.988219697288185,7.721591,obs
C/2018 L2,33839,2018-06-04T01:46:55.200000,2018.4221212328766,2.8277278346431967,1.7126638,obs
C/2018 V1,39751,2018-11-08T11:57:32.256000,2018.8534199726028,0.746688832237401,0.3857149,obs
C/2018 F1,31493,2017-12-22T15:22:10.560000,2017.974357260274,4.507429212700245,2.994795,obs
C/2019 M3,50224,2019-06-30T12:24:39.600000,2019.4945674657533,3.113071354672906,2.496090356847717,obs
C/2018 A3,28763,2018-01-10T14:37:48.576000,2018.0263276438357,4.685786661327163,3.2755973,obs
C/2017 M4,19057,2017-06-16T13:42:29.952000,2017.4563593972603,6.215522930895974,3.6266921768805,obs
C/2017 B3,12750,2017-01-26T10:26:14.496000,2017.069684630137,7.144425857357001,3.9258403,obs
C/2018 Y1,41500,2018-12-18T20:11:02.400000,2018.9639479452055,1.4872402636415194,1.2853581,obs
C/2010 U3,175278,2005-11-05T07:26:13.718400,2005.8446846054794,25.762418629703088,8.445818784114149,obs
C/2018 V4,39400,2018-10-23T14:58:28.502000,2018.8099286054667,3.4254759709795293,3.199093,obs
C/2019 B1,43210,2019-01-19T11:27:31.680000,2019.050623150685,1.7865992117466616,1.600744021161337,obs
C/2019 LB7,50398,2019-06-07T14:11:18.902000,2019.4317566876587,2.5959663977302827,2.48282,obs
C/2019 J1,47167,2019-05-04T10:44:49.920000,2019.3382131506849,2.499649668220485,2.483469052561172,obs
C/2019 H1,46567,2019-04-18T21:12:57.600000,2019.2955726027396,1.849219452192707,1.8457894,obs
C/2019 D1,44440,2019-03-10T05:42:50.112000,2019.1869536438355,1.7864757898198087,1.575220534140121,obs
C/2019 JU6,175279,2019-05-12T13:46:10.704000,2019.3604759863015,2.0591578302024476,2.045767271533184,obs
C/2018 R3,36842,2018-08-08T10:41:53.750000,2018.601221263001,4.057668917824962,1.2903218,obs
C/2019 K4,48796,2019-05-30T11:03:04.003000,2019.4094807205415,2.2681905596397485,2.2599516,obs
C/2019 K5,48076,2019-05-25T14:10:08.054000,2019.396138002727,2.0633674303826255,2.0354155,obs
C/2020 A3,55902,2020-01-07T14:18:44.640000,2020.0180228142076,5.954573234035948,5.839402,obs
C/2018 X2,40933,2018-12-08T11:10:09.696000,2018.9355216164383,3.1900468684304686,2.1265157,obs
C/2019 J2,47716,2019-05-09T11:22:13.987000,2019.3519829397196,1.9552586896450814,1.7262581,obs
C/2019 K8,48226,2019-05-27T13:35:12.768000,2019.4015510136987,3.238445749478199,3.1950072,obs
C/2019 A9,42919,2018-12-18T11:37:41.836000,2018.9629712657281,3.141512559915164,1.4277571,obs
C/2019 J3,47896,2019-05-14T13:01:15.024000,2019.365869958904,2.4932356436104386,2.3638718281953905,obs
C/2019 Y5,175280,2019-12-28T05:41:07.382400,2019.9896901123288,5.019061675383356,4.914442885515231,obs
C/2018 W2,40459,2018-11-27T12:15:31.392000,2018.9055089863014,3.794502455264511,1.4430939677568,obs
C/2018 KJ3,175281,2018-05-17T09:44:47.040000,2018.3737153424659,5.507328369492893,3.627196888570837,obs
C/2020 R6,60019,2020-09-15T10:08:55.968000,2020.7060734153006,4.6595133945543905,3.1313119,obs
C/2019 M4,103597,2019-06-27T02:44:30.768000,2019.4852445068493,9.204841173438785,9.184871231508897,obs
C/2017 U7,175282,2017-10-29T07:49:16.032000,2017.8255503561643,7.867168329124779,6.417510190906788,obs
C/2018 N2,35255,2018-07-07T09:19:02.208000,2018.5133923835617,5.470339229029954,3.1256399,obs
C/2018 F4,59883,2018-03-17T12:40:26.976000,2018.2069262739726,6.3759258954383755,3.448846,obs
C/2019 Q4,53233,2019-08-30T01:03:19.872000,2019.6603944657534,2.985676729878549,2.006624008587265,obs
C/2019 G2,175283,2019-04-02T10:34:13.152000,2019.2505217260275,3.5589717462709913,2.291344992302967,obs
C/2020 A2,55905,2020-01-08T20:38:58.560000,2020.0214765027322,0.9779083128454367,0.97787,obs
C/2020 B2,56019,2020-01-19T10:48:18.144000,2020.050410409836,2.7705900055940766,2.7695753,obs
C/2019 K1,47914,2019-05-16T11:34:46.531000,2019.3711848849252,3.6789417316333983,2.0126569,obs
C/2020 K4,58090,2020-05-20T12:49:01.488000,2020.3839728005464,2.0062745563096254,1.7726329,obs
C/2019 Y1,55495,2019-12-16T05:25:48.432000,2019.956784260274,1.7564518305068304,0.8378025,obs
C/2017 K5,18695,2017-05-27T11:09:14.400000,2017.4012732876713,9.92207829858714,7.6799207,obs
C/2019 S4,175284,2019-09-17T10:53:32.640000,2019.7108324657534,3.9084614149308314,3.441732751641674,obs
C/2020 F6,57030,2020-03-21T14:33:39.571000,2020.2202369070974,3.516431012677296,3.5111599,obs
C/2020 H2,57679,2020-04-26T11:18:24.768000,2020.3182271038252,0.8338840710191572,0.8336153,obs
C/2017 T2,23874,2017-09-15T14:05:06.432000,2017.705717479452,9.36945673969071,1.6153181,obs
C/2019 K6,175285,2019-05-31T13:20:54.816000,2019.4124827123287,4.94703791290178,3.928974130801507,obs
C/2020 F8,824,2020-04-10T09:26:32.352000,2020.274298989071,1.1576720198171813,0.4302998,obs
C/2020 K3,58143,2020-05-22T10:46:25.824000,2020.3892046721312,1.5968985378868568,1.5934816,obs
C/2019 Y4,55670,2019-12-28T14:19:26.457000,2019.9906762575151,2.932147843862945,0.2529332,obs
C/2020 H7,57762,2020-04-29T10:09:34.848000,2020.3262932240436,4.429606021908219,4.4202077,obs
C/2020 H3,57660,2020-04-25T10:46:36.192000,2020.3154345081966,2.3466378633577554,2.3044195,obs
C/2020 H8,57774,2020-04-30T13:50:29.990000,2020.329444633867,4.683448481308734,4.6752707,obs
C/2019 K7,48901,2019-05-30T13:34:05.376000,2019.4097680547945,5.422169100136702,4.476418594565487,obs
C/2019 U6,175286,2019-10-31T10:24:29.952000,2019.831325150685,3.4575979309831633,0.9142640678982692,obs
C/2020 F3,57166,2020-03-27T17:07:28.128000,2020.2369221857923,2.0816954589871366,0.2946991,obs
C/2019 V1,54867,2019-11-01T23:39:17.568000,2019.8355770410958,3.9542053551542824,3.0972636,obs
C/2019 Q1,175287,2019-08-28T09:37:41.952000,2019.6558936438357,5.582017962271921,4.997085384713819,obs
C/2020 K2,58115,2020-05-21T13:39:44.841000,2020.3868012814019,8.889433875385627,8.8785799,obs
C/2020 Q1,59401,2020-08-17T23:14:45.312000,2020.628329453552,1.3157519338938521,1.314837,obs
C/2020 N2,58708,2020-07-13T12:55:53.097000,2020.5315268005274,1.8682596380246728,1.7937903,obs
C/2020 H4,57520,2020-04-21T11:20:52.512000,2020.3045705737704,2.246875907851266,0.9385129,obs
C/2020 K8,58321,2020-06-07T13:33:31.161000,2020.4332375518936,1.9875803437952628,0.4745793,obs
C/2020 H11,104185,2020-04-21T13:41:56.256000,2020.3048382240438,7.687629348831883,7.629820401854721,obs
C/2020 T5,60394,2020-10-05T02:23:25.872000,2020.7598349863388,1.8898390725312322,1.888985,obs
C/2020 P1,59062,2020-08-02T15:00:32.832000,2020.5864081420766,1.7407006891921608,0.3421774,obs
C/2019 NJ3,175288,2019-07-05T09:30:07.488000,2019.5079340273974,5.788462438248207,4.361927525828151,obs
C/2017 Y2,28004,2017-12-24T05:07:56.640000,2017.9786680821917,9.007635718173207,4.6327268,obs
C/2020 X4,63102,2020-12-14T02:02:54.758400,2020.9510528852459,5.2105603634028075,5.2065,obs
C/2020 W5,61406,2020-11-20T05:24:13.046400,2020.885861068306,3.3655291545725476,3.3642411,obs
C/2019 N1,50800,2019-07-05T12:59:27.196000,2019.5083322931252,5.837227689623335,1.7047775,obs
C/2020 Y3,64026,2020-12-28T15:19:02.899200,2020.990814830601,2.0221076758238135,1.9992084,obs
C/2021 C1,67075,2021-02-11T10:37:59.865600,2021.1135426136987,3.5339884031080913,3.4808503,obs
C/2020 H5,57576,2020-04-22T07:56:03.321000,2020.3069141912379,9.436505652595143,9.3449165,obs
C/2020 S3,60105,2020-09-17T14:40:43.536000,2020.7120535928962,1.8273183196865819,0.3970907,obs
C/2021 C4,67155,2021-02-12T14:39:53.769600,2021.1167425726028,4.498224143000178,4.4926203,obs
C/2019 B3,43315,2019-01-24T13:55:58.656000,2019.0646042191781,8.26524401920522,6.7917897607058055,obs
C/2021 A2,64331,2021-01-03T00:31:00.192000,2021.005538438356,1.440906725712093,1.412912,obs
C/2020 U3,60952,2020-10-22T03:37:43.852000,2020.806424049155,2.565910480293416,2.2762682,obs
C/2021 C3,66622,2021-02-07T11:02:01.017600,2021.1026294082192,2.2771546543033767,2.2764672,obs
C/2021 D1,67920,2021-02-19T12:00:00,2021.1356164383562,0.9136185651954604,0.9018079,obs
C/2020 R4,59877,2020-09-12T11:53:38.889000,2020.6980753797625,2.708660418721605,1.0286439,obs
C/2019 T3,54097,2019-10-06T14:39:22.665000,2019.763316928748,6.937049252658592,5.9475615,obs
C/2019 O3,175289,2019-07-26T05:21:28.800000,2019.5649952054794,9.457398598957852,8.82001229828407,obs
C/2021 B3,65907,2021-01-22T05:58:17.184000,2021.0582159178082,2.2264079191624218,2.1601558,obs
C/2020 N1,59217,2020-07-03T13:50:17.635200,2020.5043076311476,3.534169363515381,1.3206774,api
C/2021 A10,64950,2021-01-12T03:54:10.368000,2021.030582520548,1.5689566339175955,1.2685459,obs
C/2021 A4,64329,2021-01-03T22:02:49.632000,2021.0079962465754,1.6222292535029446,1.1455136,obs
C/2020 F5,57263,2020-03-28T05:56:00.672000,2020.238380409836,5.236459160950875,4.3266435,obs
C/2020 S8,60135,2020-09-18T02:54:34.272000,2020.7134459836066,3.2367273628099076,2.3638442,obs
C/2021 R7,78033,2021-09-05T10:13:05.577600,2021.6778787917808,5.735355551045397,5.6410844,obs
C/2020 J1,57778,2020-05-01T06:33:40.896000,2020.3313480601093,4.639632263141141,3.3551617,obs
C/2020 P3,59083,2020-08-09T13:40:41.433000,2020.605382305992,7.014582060120107,6.812346,obs
C/2019 T2,175290,2019-10-09T03:16:41.376000,2019.7702372328768,5.955662957988067,2.64589313074313,obs
C/2021 A6,64611,2021-01-08T14:28:45.120000,2021.020830958904,7.960008719486126,7.928616,obs
C/2021 B2,65507,2021-01-17T05:33:50.803200,2021.044470789041,2.7626977671902844,2.5129121,obs
C/2016 Q2,8449,2016-08-26T08:11:25,2016.651205632716,12.594031952128402,7.0819111,obs
C/2020 K5,59225,2020-05-25T12:10:42.297600,2020.397561295082,4.678676178431716,1.5356608,api
C/2019 F1,45223,2019-03-29T10:03:21.600000,2019.239504109589,7.62118196656298,3.607622,obs
C/2020 T4,60733,2020-10-15T14:08:31.113000,2020.788495215828,3.6247512932528285,2.1918391,obs
C/2020 T2,60474,2020-10-07T12:21:14.400000,2020.7664337431695,3.7024664334830213,2.0487784,obs
C/2021 A7,64764,2021-01-09T02:37:24.384000,2021.0222172876713,2.9514274241605483,1.9675902,obs
C/2021 G1,70390,2021-04-11T07:50:24.892800,2021.2748676082192,3.5458954309866906,3.4236345,obs
C/2021 O1,75972,2021-07-21T18:47:36.384000,2021.5528303013698,0.9033095608538042,0.7868526,obs
C/2020 M5,59218,2020-06-30T13:19:39.388800,2020.4960527786886,4.926265541775476,3.0042987,api
C/2020 O2,58930,2020-07-23T23:20:29.184000,2020.56003431694,5.742440837626969,4.8546826,obs
C/2021 K2,73136,2021-05-22T23:28:21.792000,2021.3889809041095,5.518061927888096,5.4596602,obs
C/2020 K6,58210,2020-05-26T08:55:19.200000,2020.3999228142077,6.758081401996986,5.8684151,obs
C/2021 J2,71959,2021-05-10T09:49:17.990400,2021.3545458520548,4.821689759632957,4.7065806,obs
C/2020 PV6,88556,2022-05-07T05:54:38.073600,2022.3458802027396,3.194475739401921,2.15208166871671,obs
C/2020 H6,57631,2020-04-22T08:13:58.051000,2020.3069481775892,6.217554043778275,4.7028707,obs
C/2021 T1,80165,2021-10-02T04:59:50.640000,2021.751255410959,3.062030740988585,3.0594133,obs
C/2021 G3,69880,2021-04-01T06:07:23.404800,2021.2472743342466,5.389406768093818,5.1780079,obs
C/2018 U1,39014,2018-10-27T04:27:14.112000,2018.819686520548,9.338609163067945,4.9929798,obs
C/2021 C6,66626,2021-02-07T10:22:20.006400,2021.1025539068494,4.174762024993514,3.2712093,obs
C/2020 F7,175291,2020-01-04T08:54:42.912000,2020.009211284153,7.238012947275343,5.331815156667305,obs
C/2022 L4,89681,2022-06-04T09:30:37.209600,2022.4230034630136,3.4761601061445018,3.01723617084904,obs
C/2022 K1,89440,2022-05-30T09:54:41.385600,2022.4093506273973,4.225874812316929,4.01891366683521,obs
C/2021 U4,81790,2021-10-31T07:11:48.940800,2021.8309585534246,1.901140631263337,1.7874266,obs
C/2021 R2,78023,2021-09-05T08:07:54.134400,2021.6776406054794,7.351961806454695,7.3159596,obs
C/2021 A1,64266,2021-01-03T13:00:51.696000,2021.0069651095891,5.083023172555563,0.6147272,obs
C/2019 L3,49714,2019-06-10T13:29:16.886000,2019.439895893138,8.470543782310445,3.5605951,obs
C/2021 Q3,77360,2021-08-26T07:07:01.228800,2021.6501275123287,5.321573451839566,5.2045423,obs
C/2021 U5,81688,2021-10-29T11:47:30.652800,2021.8260036356164,2.560383580486153,2.363285,obs
C/2022 B4,84847,2022-01-29T11:09:26.064000,2022.0779859863014,1.3797208040777313,1.3797061,obs
C/2022 A1,84131,2022-01-02T02:37:18.336000,2022.0030390136985,1.3291509341240562,1.2528662,obs
C/2021 K3,72916,2021-05-20T10:08:07.152000,2021.3819789178083,5.570978829962119,5.2233139,obs
C/2021 D2,67557,2021-02-19T13:18:34.761600,2021.1357659424657,4.464790910210656,2.9462998,obs
C/2021 L3,73833,2021-06-08T21:44:52.224000,2021.4353593424657,8.585509920942984,8.4574313,obs
C/2022 O1,91872,2022-07-26T03:07:23.577600,2022.5647400931507,7.489587056741304,7.45072381240499,obs
C/2022 J1,88452,2022-05-05T09:15:21.024000,2022.340782630137,1.8801545402923323,1.59242084069992,obs
C/2020 R2,59862,2020-09-12T07:30:45.878000,2020.697576587419,6.212527166345162,4.6918246,obs
C/2021 S1,79371,2021-09-27T13:41:00.096000,2021.7385483287671,6.222111213112293,6.127355,obs
C/2022 D2,85707,2022-02-25T02:54:45.244800,2022.1510174164384,1.6103969628643438,1.55529339636946,obs
C/2021 F1,175292,2021-03-19T09:50:16.742400,2021.212081961644,4.985465034862831,0.9954466310190567,obs
C/2020 U4,60979,2020-10-22T13:20:36.067000,2020.807529980868,6.629055291335798,5.3627529,obs
C/2021 O3,76104,2021-07-26T11:32:37.104000,2021.565701328767,4.312381574238729,0.2873237,obs
C/2020 U5,60980,2020-10-22T13:23:23.510000,2020.8075352759436,5.984909779061437,3.7559507,obs
C/2021 V1,82082,2021-11-05T03:51:31.478400,2021.8442761123288,3.469979869603631,3.0134536,obs
C/2021 P1,76663,2021-08-09T12:13:31.382400,2021.6041353178082,4.993893146323162,4.3742427,obs
C/2021 T2,80192,2021-10-02T09:01:40.224000,2021.7517155068492,3.528501368793785,1.2430417,obs
C/2019 T4,54227,2019-10-09T13:58:04.368000,2019.771457520548,8.56407081974766,4.2423793,obs
C/2021 E3,68580,2021-03-09T12:41:11.904000,2021.185009890411,5.3239301395983665,1.7776191,obs
C/2020 Y2,64027,2020-12-28T15:18:23.155200,2020.9908135737705,5.7675645228384935,3.1325159,obs
C/2021 X2,175293,2021-12-01T09:04:17.558400,2021.9161040575343,3.6777219986462932,2.994542246587222,obs
C/2020 F2,57048,2020-03-21T14:55:59.289000,2020.220279273205,10.066410720262438,8.817078,obs
C/2022 P3,92118,2022-08-02T11:44:20.832000,2022.5849017260275,2.5631704721171733,2.56237066753128,obs
C/2021 P4,76703,2021-08-10T12:53:31.315200,2021.6069511452056,4.6534295760263324,1.0783761,obs
C/2022 F1,87060,2022-03-30T07:09:54.633600,2022.2419138328767,6.049019133987734,5.9805802572658,obs
C/2021 QM45,175294,2021-08-17T12:18:45.792000,2021.6260630958905,4.482981375362988,2.773251168260042,obs
C/2022 N1,90691,2022-07-02T07:43:58.080000,2022.4995128767123,1.756907476355482,1.4773152510408,obs
C/2020 R7,60026,2020-09-15T14:23:18.614000,2020.7065560682934,7.130838142509323,2.950411,obs
C/2022 L1,89672,2022-06-04T10:13:35.904000,2022.4230852328767,2.205661450771203,1.59306495203824,obs
C/2022 R2,94067,2022-09-14T14:22:04.569600,2022.703010038356,1.0396595758258271,0.625723554090179,obs
C/2022 J2,175295,2022-05-09T04:30:45.273600,2022.3512000657533,2.7539131993051713,1.82756065072243,obs
C/2017 K2,18422,2017-05-21T11:48:02.016000,2017.384908739726,16.04947540388661,1.8001093,obs
C/2022 E3,86070,2022-03-02T13:04:07.392000,2022.1658754246575,4.265183627505824,1.115308,obs
C/2022 U2,96745,2022-10-25T05:05:57.926400,2022.8142807561644,1.7598341404641196,1.31646499396425,obs
C/2023 A2,101550,2023-02-03T07:28:31.008000,2023.0912643013698,0.9654884375185879,0.9388914499525428,obs
C/2022 S3,94732,2022-09-25T06:08:52.569600,2022.732208668493,2.1268551889996026,0.8392391,obs
C/2021 P2,76557,2021-08-07T12:35:04.617600,2021.5986968739726,6.441401072374342,5.0711618,obs
C/2024 O1,127841,2024-07-28T09:31:08.832000,2024.5721219398906,6.835583543513472,6.369179849790305,obs
C/2020 S4,60076,2020-09-16T12:33:54.979000,2020.7090807458953,8.045823725467983,3.3694113,obs
C/2021 C5,67153,2021-02-12T08:17:13.660800,2021.1160145123288,7.077863423449832,3.2393916,obs
C/2022 A2,84407,2022-01-10T14:49:09.494400,2022.0263492356164,4.862397801159356,1.734981,obs
C/2022 R3,94092,2022-09-15T08:35:14.697600,2022.7050898876712,5.271137682870126,5.13225627089099,obs
C/2022 W2,98585,2022-11-24T05:40:11.481600,2022.8965376547944,3.281155395378707,3.1229676380305,obs
C/2023 B2,100723,2023-01-21T23:14:22.070400,2023.0574474273972,1.848104293973455,1.7423753506191781,obs
C/2023 A1,100264,2023-01-09T12:59:03.782400,2023.0234000438356,2.0254946690919793,1.8352861036106,obs
C/2019 U5,87720,2022-04-15T09:54:02.419200,2022.2860617205479,1.1229394317731538,0.96141098597792,obs
C/2019 O2,175296,2024-04-04T10:43:11.337600,2024.2580509808743,9.853057018602746,9.682787831878766,obs
C/2021 Y1,83892,2021-12-26T06:50:24.691200,2021.9843424876713,5.526993575246109,2.0323624,obs
C/2020 V2,61080,2020-11-02T12:42:20.160000,2020.837512021858,8.705668490300017,2.2282582,obs
C/2020 K1,59233,2020-05-17T12:17:42.374400,2020.3757166557377,9.496740114649969,3.0737918,api
C/2021 Q4,77358,2021-08-26T07:09:57.139200,2021.650133090411,8.576411003397105,7.5640855,obs
C/2022 W3,98681,2022-11-26T11:27:43.689600,2022.9026783260274,3.0683212921601193,1.3976792925816,obs
C/2023 F1,103229,2023-03-27T14:17:59.280000,2023.234509109589,2.0842791498389897,1.7080919264335332,obs
C/2021 T4,80506,2021-10-07T08:22:46.128000,2021.7653401232876,7.167273435129468,1.4808299,obs
C/2022 U4,96832,2022-10-26T11:34:51.024000,2022.817760369863,3.9992201408442773,2.89847711853443,obs
C/2023 K1,105776,2023-05-27T02:15:06.998400,2023.4002570712328,2.3646046343885154,2.0218368784547813,obs
C/2023 P1,109096,2023-08-13T19:09:48.672000,2023.6158862465754,1.0071486767658826,0.22114004442841007,obs
C/2022 A3,85940,2022-03-01T10:06:45.590400,2022.162798249315,6.114959388539704,3.7047737,obs
C/2024 B2,119140,2024-01-31T06:07:50.448000,2024.0826651502732,4.199138409555841,4.076688845531503,obs
C/2023 S2,111941,2023-09-28T23:40:21.590400,2023.7424283863013,1.0868728508420493,1.05217290631959,obs
C/2023 X1,116021,2023-12-04T10:33:40.492800,2023.9244932931506,1.2497031502842058,0.9517191274048041,obs
C/2024 E2,120925,2024-03-10T06:03:37.900800,2024.1892145409836,7.7646068251223985,7.6796682842599155,obs
C/2023 H2,104453,2023-04-23T06:42:47.548800,2023.3076156630136,2.9761961751326864,0.8942822232902325,obs
C/2022 V2,97422,2022-11-02T01:32:56.688000,2022.8357932739725,4.357485567535086,2.0635573832268013,obs
C/2019 E3,44731,2019-03-05T10:14:33.792000,2019.173772,13.649047901575656,10.3133636,obs
C/2024 L3,125237,2024-06-07T11:28:43.910400,2024.4330007814208,6.985255879884188,6.860474198582811,obs
C/2021 A9,64883,2021-01-12T15:24:10.569600,2021.0318953123287,10.035676436788188,7.7652616,obs
C/2023 V5,114391,2023-11-06T03:26:34.857600,2023.8469683808219,1.0920436978619437,0.8437404042406438,obs
C/2023 T2,112890,2023-10-14T16:40:30.720000,2023.7854652054793,2.1595544028195723,1.9889581650969357,obs
C/2024 C4,119872,2024-02-14T01:57:11.318400,2024.120440931694,1.4432909557474183,1.4189503849355996,obs
C/2021 S3,79144,2021-09-24T13:27:42.969600,2021.7303038739726,8.918948453479757,1.3193643,obs
C/2022 L2,89932,2022-06-10T11:24:34.041600,2022.4396586136986,6.539209188493139,2.693923,obs
C/2021 Q6,77259,2021-08-22T12:28:12.316800,2021.639779690411,10.255367137364283,8.7141199,obs
C/2022 U1,96320,2022-10-20T08:05:31.920000,2022.8009237671233,5.9609009572093585,4.20056342051289,obs
C/2023 V4,114333,2023-11-05T01:19:50.016000,2023.8439875068493,3.1216588116145014,1.1209705946776616,obs
C/2023 Q2,109833,2023-08-23T06:04:38.208000,2023.6417896438356,4.285745915520731,3.209503797497851,obs
C/2024 U1,134127,2024-10-30T13:14:09.859200,2024.829375691257,4.928212967782223,4.835950841550942,obs
C/2025 Q1,154996,2025-08-27T05:43:50.505600,2025.6527089835618,10.338220039868064,10.098977886494245,obs
C/2022 S4,94351,2022-09-19T11:42:45.187200,2022.7164055424657,6.720136092023955,2.7617308,obs
C/2022 U3,97295,2022-10-31T06:16:30.662400,2022.830853331507,6.815580252148291,4.827384,obs
C/2023 R2,110593,2023-09-10T14:09:06.796800,2023.6920264712328,4.59142151006784,0.9099923684191411,obs
C/2024 G5,122209,2024-04-05T03:09:00.950400,2024.2599214781421,3.3258052351678016,2.9527756542831036,obs
C/2021 G2,81983,2021-04-11T05:58:49.065600,2021.2746552849314,10.122259163550092,4.9820386,obs
C/2022 E2,86213,2022-03-07T02:52:22.339200,2022.1784101452056,8.30350094777354,3.6679287,obs
C/2023 TD22,175297,2023-10-12T09:09:16.848000,2023.7791272465754,4.1888912996452525,2.356801434126,obs
C/2023 A3,101812,2023-02-22T02:00:22.176000,2023.1426947671232,7.315717134170006,0.3915872,obs
C/2024 B1,118440,2024-01-16T04:11:52.224000,2024.0414615027323,1.7193803961223784,1.6919641800486533,obs
C/2023 U1,113037,2023-10-16T11:27:03.686400,2023.790348290411,4.978070871176513,4.978055999995767,obs
C/2024 G1,122333,2024-04-07T11:30:26.121600,2024.2663373469945,4.268364385897659,3.929578937897403,obs
C/2024 S1,131792,2024-09-27T14:47:46.464000,2024.7393893715846,1.0725362739328244,0.007973,obs
C/2024 V2,134975,2024-11-10T02:20:07.584000,2024.8581893715848,1.2476465061998114,1.2442472342878172,obs
C/2023 C2,101191,2023-02-01T06:05:54.758400,2023.0856276876711,6.71308409857763,2.3678634,obs
C/2024 Y1,137854,2024-12-25T01:50:03.552000,2024.9810831420766,0.9755862119102323,0.8225109209873993,obs
C/2023 Q1,111582,2023-08-20T13:18:30.182400,2023.6343959342466,5.27921963482246,2.5760111,obs
C/2024 PN7,175298,2024-08-15T10:37:24.182400,2024.6214279808744,2.140639782558587,1.52453834809997,obs
C/2025 N2,150095,2025-07-02T01:33:05.932800,2025.4988072657534,9.340955698925555,8.886648319999864,obs
C/2025 D6,141578,2025-02-26T06:35:48.595200,2025.154177720548,2.6379858465899564,2.5032101636453103,obs
C/2024 N4,127390,2024-07-14T23:03:55.584000,2024.5354127322405,5.5593160619811295,5.3983133,obs
C/2024 G3,122212,2024-04-05T06:19:43.334400,2024.2602833224043,4.652980536971069,0.0936195,obs
C/2023 F3,103299,2023-03-28T08:28:27.840000,2023.2365838356163,5.100755772051449,5.099354149889298,obs
C/2024 G7,122286,2024-04-03T08:20:06.028800,2024.2550472459016,6.382683201642226,6.03374916026001,obs
C/2025 W1,162827,2025-11-20T03:53:37.536000,2025.885376,4.757248138372803,4.176486598375028,obs
C/2024 Q3,129583,2024-08-27T09:52:56.323200,2024.6541305,2.9771257592254186,2.090340903699706,obs
C/2024 L5,125694,2024-06-14T22:40:01.257600,2024.4534001612021,4.240899651615378,3.4325829,obs
C/2024 T3,132753,2024-10-10T12:57:38.505600,2024.7746995327868,3.9543880304902195,3.7135193096535963,obs
C/2024 W1,135573,2024-11-22T14:32:42.374400,2024.8923662459017,2.8267062541567567,2.5557047740173493,obs
C/2024 J2,124206,2024-05-11T06:26:33.302400,2024.358656942623,4.009357148912067,1.809764718997767,obs
C/2024 V1,134852,2024-11-08T01:11:04.704000,2024.8525938797814,2.822048146948492,2.2969350929756804,obs
C/2024 N3,127098,2024-07-08T21:31:16.608000,2024.5188434972677,5.0137113562471605,5.013707220006732,obs
C/2025 F1,143022,2025-03-22T00:57:23.299200,2025.2192872684932,1.1745519471514576,1.0698134190800033,obs
C/2024 J4,124204,2024-05-11T09:58:56.611200,2024.3590599262295,6.212469968482715,5.67532155478033,obs
C/2025 F2,143872,2025-03-22T12:00:00,2025.2205479452055,1.047197726237062,0.3334945,obs
C/2025 D5,141695,2025-02-28T13:02:06.604800,2025.1603921424658,2.195949450140772,2.0121904494756526,obs
C/2023 X7,116595,2023-12-10T09:19:12.489600,2023.940789969863,7.351062614704928,4.827878200001627,obs
C/2025 O2,152029,2025-07-25T09:35:29.760000,2025.5627387671234,2.3947330144259475,2.286202704181731,obs
C/2024 G2,122374,2024-04-08T07:54:38.131200,2024.2686601311475,6.203160965586256,5.343291820344518,obs
C/2024 A1,117765,2024-01-03T04:58:49.900800,2024.0060314808743,5.866829294622923,3.8742421,obs
C/2024 L2,125597,2024-06-13T12:42:08.496000,2024.4495335109289,8.290099115869214,8.289765640061388,obs
C/2025 B1,139211,2025-01-20T05:46:10.819200,2025.0527134328768,3.901415348072436,3.534699454186897,obs
C/2023 H5,104263,2023-04-19T04:23:52.540800,2023.2963924575342,7.5853960221368535,4.3129858,obs
C/2024 X2,137026,2024-12-12T07:14:54.009600,2024.9461803661202,4.076757670465258,3.6739336257208803,obs
C/2023 V1,114133,2023-11-02T04:03:36.374400,2023.836079920548,6.847112871575972,5.091928532965454,obs
C/2025 K4,147824,2025-05-30T22:52:21.100800,2025.4108301972603,2.6065053833756586,2.537999653710541,obs
C/2022 N2,90862,2022-07-04T10:42:53.971200,2022.5053327616438,9.543639457322639,3.8264163,obs
C/2022 R6,94069,2022-09-14T13:46:32.822400,2022.702942441096,9.580795581812897,6.5665413,obs
C/2022 QE78,118878,2022-08-27T07:45:23.702400,2022.6529402493152,9.424251283757345,5.4763798,obs
C/2025 R2,156360,2025-08-13T06:23:21.408000,2025.614428,0.8589871787231516,0.5042229,obs
C/2025 K1,147322,2025-05-24T08:29:05.942400,2025.3927494273973,2.6329496806514743,0.334214,obs
C/2024 N1,126449,2024-07-01T11:04:26.169600,2024.498528453552,5.805815456724257,4.3983965,obs
C/2025 A6,138290,2025-01-03T08:12:42.537600,2025.0064168739725,4.5391636913741715,0.5298371,obs
C/2025 V1,161676,2025-11-02T02:35:59.712000,2025.8359132328767,0.5853757513419294,0.4626509,obs
C/2025 R1,155791,2025-09-03T13:15:15.955200,2025.672745939726,2.185478142072891,1.9589311421001987,obs
C/2025 T1,159234,2025-10-11T14:54:27.014400,2025.7770442356164,1.379192701477049,1.1045309546391013,obs
C/2025 L2,148002,2025-06-02T07:22:26.400000,2025.4172801369864,3.4471893096326354,2.83617394480586,obs
C/2023 X2,117721,2023-12-04T08:26:50.467200,2023.924251980822,7.515396181765307,5.088657,obs
C/2026 B2,165655,2026-01-19T00:03:36.864000,2026.0493219452055,1.2850721423111402,1.27767044117648,obs
C/2025 L1,148316,2025-06-06T09:16:16.579200,2025.4284556246575,3.190095444525326,1.6796745,obs
C/2025 Y3,164855,2025-12-27T09:18:59.788800,2025.9873649095891,2.2261047796578546,2.2261006776824077,obs
C/2024 E1,120644,2024-03-03T10:42:00.662400,2024.1706170519126,8.051090163608043,0.5660872,obs
C/2024 G6,122502,2024-04-10T08:22:02.928000,2024.2741766256831,7.870297513327195,6.429979,obs
C/2025 Q3,154210,2025-08-20T13:35:03.868800,2025.6344274438356,3.018208472907236,2.1125664866889386,obs
C/2026 H2,171142,2026-04-16T10:54:10.396800,2026.2889158547946,4.550673969776007,4.543548527094012,obs
C/2026 A1,165375,2026-01-13T03:38:48.480000,2026.0332930136985,2.0594993869924347,0.0058323544907,obs
C/2026 L2,178176,2026-06-12T13:28:28.329600,2026.4453738054794,3.397906954563343,3.397746955581205,obs
C/2023 R1,110368,2023-09-07T13:40:49.296000,2023.6837534657534,8.491553021496548,3.5700877,obs
C/2025 R3,156159,2025-09-08T11:13:22.022400,2025.6862126465753,3.6201711330638267,0.4986053,obs
C/2026 H3,171907,2026-04-27T11:09:21.312000,2026.3190817260274,7.725790550369941,7.7231192134605395,obs
C/2025 J1,145990,2025-05-02T23:26:46.752000,2025.334183369863,5.067466696558414,3.5749104184504796,obs
C/2026 H1,171384,2026-04-19T08:19:12.806400,2026.2968402082192,6.097793260641665,6.0838844076437555,obs
C/2025 M3,149965,2025-06-30T08:56:42.921600,2025.4941718328766,6.962896806772689,6.442580735225016,obs
C/2025 B2,139247,2025-01-20T18:38:49.344000,2025.0541834520548,9.131026519003333,8.250995117736982,obs
C/2025 E1,141823,2025-03-02T10:18:16.963200,2025.1655598986301,6.155505919047936,3.9980746,obs
C/2024 J3,124061,2024-05-06T06:21:33.667200,2024.3449862650273,8.350506287625132,3.8654674,obs
C/2026 A2,165485,2026-01-15T12:52:17.616000,2026.039825520548,4.265109644182394,1.9373295824717043,obs
C/2025 A1,175300,2025-01-02T06:39:55.180800,2025.0035006082192,7.832415802964253,5.345607633473727,obs
C/2025 V2,162652,2025-11-02T11:21:58.089600,2025.8369139424658,5.66898992328358,1.9506323,obs
C/2026 L1,177346,2026-06-08T13:11:13.603200,2026.434382090411,5.419795604381385,4.87631481016727,obs
C/2026 B3,166368,2026-01-29T11:54:51.033600,2026.0780723945206,6.655674622259811,5.815252015777564,obs
C/2024 T5,132147,2024-10-02T22:18:01.411200,2024.7539048715846,8.435308106380335,3.840486,obs
C/2026 A3,169194,2026-01-13T10:06:52.934400,2026.034031358904,4.848590748225874,4.8450743199658035,obs
C/2025 Y1,175301,2025-12-26T13:40:40.656000,2025.9851230547945,6.670501238892567,2.601840282503265,obs
C/2024 R4,131008,2024-09-11T08:54:09.475200,2024.6950025765027,9.554806305236774,4.408476,obs
C/2025 M2,149180,2025-06-22T12:55:09.638400,2025.4727076876713,8.27353844455488,2.7262457132475095,obs
C/2024 D1,145580,2024-02-16T07:22:35.817600,2024.1265228387979,10.99707985867903,6.6909122,obs
C/2025 D1,140902,2025-02-20T07:52:55.833600,2025.1378860931507,15.114407741345266,14.072023278287432,obs
C/2026 C1,168026,2026-02-11T19:49:29.596800,2026.1145918821917,9.971925403778652,1.1526919,obs
C/2025 K3,147243,2025-05-23T12:57:29.433600,2025.390520339726,10.713751314937866,3.4688463,obs
C/2025 M1,149096,2025-06-21T08:14:47.731200,2025.4694345424657,13.288801869773968,10.828137138094997,obs
C/2014 UN271,74456,2014-10-20T07:03:51.840000,2014.8008064383562,29.08025415370142,10.9600061,obs
C/2021 X1,111678,2021-12-02T07:46:33.600000,2021.918695890411,5.8196383110736765,3.233577794376959,obs
3I,150018,2025-07-01T05:15:11.232000,2025.4964900821917,4.50688042999847,1.3520774,obs
